pose_Tx,pose_Ty,pose_Tz,pose_Rx,pose_Ry,pose_Rz,gaze_0_x,gaze_0_y,gaze_0_z,gaze_1_x,gaze_1_y,gaze_1_z,gaze_angle_x,gaze_angle_y,AU01_r,AU02_r,AU04_r,AU05_r,AU06_r,AU07_r,AU09_r,AU10_r,AU11_r,AU12_r,AU14_r,AU15_r,AU17_r,AU20_r,AU23_r,AU24_r,AU25_r,AU26_r,AU28_r,AU43_r
-427.1008978481802,21.911764705882376,-16.85294117647061,-1.5585018643167443,-0.01982742968753392,-0.03569911267932397,84.5,154.0,84.86774842201379,169.5,151.5,84.86774842201379,0.6423628483739462,0.7327762126217758,"[[0.38915414 0.13160384 0.5039576  0.27415162 0.15658109 0.
  0.38161692 0.062036   0.         0.10712632 0.28135917 0.5135407
  0.52331495 0.         0.67156774 0.5956774  0.6998642  0.63398445
  0.59262687 0.8258933 ]]"
-428.01438850848416,21.79411764705884,-17.25,-1.5585018643167443,-0.01971575488502442,-0.03595572032059952,84.5,154.0,84.36116141658763,169.0,152.0,84.36116141658763,0.6442906077099094,0.7365677789465962,"[[0.38565347 0.1358187  0.6409136  0.27057797 0.15933235 0.
  0.37199605 0.02648639 1.         0.11144375 0.24352612 0.32529953
  0.51444256 0.         0.6438639  0.5503162  0.6285693  0.4341387
  0.4297928  0.8383368 ]]"
-428.3394293489636,22.073529411764696,-15.25,-1.562828367933375,-0.025275515065683252,-0.0364801591229497,84.5,153.5,84.36116141658763,169.0,151.5,84.36116141658763,0.6442906077099094,0.7349391778033355,"[[0.35444808 0.12481152 0.3666222  0.28542542 0.18954022 0.
  0.3098594  0.06482721 0.         0.14687502 0.238353   0.34820527
  0.4731179  0.         0.6549302  0.500111   0.78856725 0.61001414
  0.3896859  0.8570812 ]]"
-427.5864361023301,21.941176470588232,-15.235294117647072,-1.5668122841290437,-0.011172719438739298,-0.03621604207241159,84.5,153.5,84.69028541954765,169.5,151.5,84.69028541954765,0.643367231104862,0.7330025789972212,"[[0.40078217 0.13180274 0.47227633 0.27815476 0.19094951 0.
  0.3859295  0.00542513 1.         0.15033057 0.26281446 0.364693
  0.46193233 0.         0.5764249  0.41134596 0.89620495 0.4878317
  0.42680416 0.83312243]]"
-427.14599864452566,22.20588235294116,-14.54411764705884,-1.5590321636451379,-0.022280435029046846,-0.04193344587339902,84.5,153.0,84.94021590376245,169.5,151.0,84.94021590376245,0.6419534798574064,0.7299052776974033,"[[0.41661632 0.20908064 0.5106308  0.27104944 0.20799232 0.
  0.41684762 0.00497962 1.         0.2084428  0.17191234 0.41432378
  0.42349777 0.         0.55614626 0.2773912  0.7971791  0.73384875
  0.3148383  0.8652021 ]]"
-426.2536168272478,22.39705882352939,-15.04411764705884,-1.5554129250143014,-0.022218565326719057,-0.04891200614919467,84.0,152.0,85.59797829907484,170.0,150.5,85.59797829907484,0.6382581894921889,0.723618588510815,"[[0.31609607 0.15479593 0.6143377  0.2712114  0.19923273 0.
  0.3696276  0.06924107 1.         0.19817114 0.13001193 0.20761652
  0.37230018 0.         0.54250854 0.17057458 0.9788857  0.72820383
  0.34760296 0.80199814]]"
-425.3539365257708,23.70588235294116,-13.602941176470608,-1.5746277256714845,-0.030631084918630258,-0.05667682363203484,84.5,152.0,85.7678552838999,170.0,150.0,85.7678552838999,0.638250506903263,0.7218144178589656,"[[0.33151543 0.1913449  0.5242078  0.274428   0.21418813 0.
  0.42121112 0.08543032 0.         0.14079912 0.11008924 0.26442033
  0.3346234  0.         0.526025   0.13937144 0.94298524 0.933203
  0.42012563 0.8594107 ]]"
-424.45641240147194,23.95588235294116,-14.132352941176464,-1.5669795514358487,-0.03569911267932397,-0.0574905344833121,84.0,151.5,86.35846641888809,170.5,149.0,86.35846641888809,0.6349700391968957,0.715945860590861,"[[0.4429559  0.18202882 0.32756406 0.29660273 0.18234909 0.
  0.3587015  0.00820729 1.         0.14814039 0.12400033 0.22718492
  0.34738624 0.         0.4650812  0.1177886  0.9536775  0.90652394
  0.22369622 0.7323899 ]]"
-423.56614992170006,23.926470588235304,-14.764705882352928,-1.5633615195496984,-0.021914299529499814,-0.0422284021130019,84.5,151.0,86.93108701085526,171.5,149.0,86.93108701085526,0.6346203995215157,0.7118510329377374,"[[0.39057648 0.15259331 0.36075807 0.2967737  0.19910948 1.
  0.33408105 0.00471825 1.         0.13579252 0.13112307 0.24832293
  0.36493883 1.         0.5403083  0.07951993 0.97809887 0.8683349
  0.16486877 0.72460055]]"
-422.6779307282457,24.338235294117624,-15.176470588235304,-1.5596027644698374,-0.019175731485072175,-0.0283611877058717,84.0,150.5,87.18259892636578,171.5,148.5,87.18259892636578,0.6323093185065604,0.7087721066771602,"[[0.4020544  0.28409958 0.5046005  0.2756888  0.18284637 0.
  0.3591781  0.01527826 1.         0.1712838  0.16559508 0.26688004
  0.34643543 0.         0.48771685 0.08048216 0.9440893  0.9210678
  0.25158554 0.81956047]]"
-421.46541628044366,24.529411764705856,-15.058823529411768,-1.5670788718004534,-0.029963781379357606,-0.03519672638649838,83.5,150.0,87.85610078101831,171.5,148.0,87.85610078101831,0.6277133907933967,0.7033187481403294,"[[0.4453749  0.2218423  0.5578598  0.27190298 0.17486505 0.
  0.40622023 0.01421082 0.         0.16067962 0.10772049 0.3101449
  0.38219804 0.         0.50316    0.10388505 0.99230736 0.934837
  0.31353527 0.69462186]]"
-420.75840249877956,22.970588235294144,-15.20588235294116,-1.5564603914154898,-0.029963781379357606,-0.027770636593421036,83.5,150.0,87.43100454390053,170.5,148.5,87.43100454390053,0.6281512501896763,0.7065399418409113,"[[0.43144014 0.3042162  0.5141711  0.26603168 0.21667434 1.
  0.39568764 0.00189243 1.         0.15612963 0.13109265 0.42155495
  0.32778037 0.         0.55143505 0.0801874  0.9158131  0.89852995
  0.23082726 0.71897894]]"
-419.62211445334844,23.04411764705884,-14.25,-1.5671198727707867,-0.02161825323650707,-0.028563657838759995,82.5,150.0,88.4255022289636,171.0,148.5,88.4255022289636,0.6218496162939761,0.7009599793074445,"[[0.39677924 0.22626819 0.45838428 0.2901661  0.18615656 1.
  0.36099404 0.00318041 1.         0.12962437 0.12691939 0.39054477
  0.33532494 0.         0.63240874 0.09924637 0.97770154 0.91640496
  0.29543054 0.76762533]]"
-419.14577766558085,22.5,-14.602941176470608,-1.5707963267948966,-0.024451647498116794,-0.02757921239974079,83.0,150.5,87.5268212860746,170.5,148.0,87.5268212860746,0.6266942479227673,0.7059991294126108,"[[0.39517555 0.19122429 0.5876944  0.3060751  0.16658598 0.
  0.3587798  0.00104769 0.         0.16177225 0.1296412  0.25864863
  0.34957317 0.         0.45306954 0.08229085 0.96718365 0.8614906
  0.37824607 0.7867242 ]]"
-418.2726593762051,21.191176470588232,-13.897058823529392,-1.5633890548637315,-0.02161825323650707,-0.04925590198432362,82.0,150.5,88.51569226853381,170.5,148.5,88.51569226853381,0.619497309977936,0.70128244637363,"[[0.41887715 0.19693303 0.62896425 0.3047338  0.14827822 0.
  0.31986117 0.00123343 1.         0.11932632 0.14184938 0.29048982
  0.34335154 0.         0.43365192 0.07524052 0.99884593 0.92539394
  0.30889857 0.83899057]]"
-417.83622039067455,22.764705882352928,-13.602941176470608,-1.5707963267948966,-0.019071256992153576,-0.03519672638649838,82.5,150.5,88.18934805922488,170.5,148.5,88.18934805922488,0.6221810465090827,0.70310376504913,"[[3.9202979e-01 1.5464258e-01 6.0341525e-01 2.9673147e-01 1.5087630e-01
  0.0000000e+00 2.9792112e-01 5.7160761e-04 0.0000000e+00 2.0986013e-01
  1.2358474e-01 4.5356405e-01 3.8556358e-01 0.0000000e+00 6.0692024e-01
  1.3265635e-01 9.3942016e-01 8.1917846e-01 2.7750376e-01 8.5771519e-01]]"
-417.34670118483604,22.75,-13.838235294117624,-1.5636022063046044,-0.021735706841792667,-0.03470827822527492,82.5,150.5,88.10796722708389,170.5,148.5,88.10796722708389,0.6226183456406494,0.703559172456069,"[[0.42318878 0.21310349 0.5298939  0.27815476 0.18206924 1.
  0.35968    0.01071801 1.         0.21939741 0.19017754 0.4129547
  0.38641652 0.         0.5626805  0.11627472 0.96434414 0.83925366
  0.18988639 0.8522635 ]]"
-416.82075842546686,22.941176470588232,-14.382352941176464,-1.5597673622325647,-0.021444433402517376,-0.021273386024061203,83.0,150.5,88.59901084223357,171.5,149.0,88.59901084223357,0.6227858760901347,0.7016423159123311,"[[0.42857078 0.23066701 0.39282402 0.27653924 0.20954482 0.
  0.3858376  0.00345886 1.         0.23280695 0.24431658 0.27336332
  0.3872771  0.         0.56001633 0.08136596 0.9941069  0.92499197
  0.41361412 0.74066746]]"
-416.34925280360534,22.64705882352939,-13.0,-1.5671198727707867,-0.029640911961908874,-0.027770636593421036,83.0,151.0,88.51730056887183,171.5,149.5,88.51730056887183,0.6232230935775064,0.7037412730823008,"[[0.44168794 0.18520248 0.4777994  0.2712114  0.19848919 1.
  0.347527   0.01319983 1.         0.21200013 0.17184554 0.32481605
  0.40298137 0.         0.586139   0.09046096 0.9318965  0.86891395
  0.16373704 0.83663803]]"
-415.9277501587057,23.485294117647072,-11.573529411764696,-1.5634163869762236,-0.015998634876343527,-0.028161566987892423,83.0,151.5,88.3460682643986,171.5,150.0,88.3460682643986,0.6241410562081003,0.7063366781075788,"[[0.43172085 0.15910503 0.5870177  0.27104944 0.18638813 1.
  0.371444   0.00595568 0.         0.17576984 0.1825621  0.3806549
  0.4385575  0.         0.5945081  0.13737288 0.9309863  0.8948757
  0.34003928 0.836009  ]]"
-415.4649303581422,24.470588235294144,-10.323529411764696,-1.5564088304059709,-0.021560001092165895,-0.020975944034022708,83.5,152.0,88.92931806278011,172.5,150.5,88.92931806278011,0.6238074456011453,0.7047230278605076,"[[0.43345296 0.12294652 0.50975597 0.29907617 0.17695798 1.
  0.37871233 0.00814468 0.         0.16517763 0.19672567 0.39246088
  0.3670933  0.         0.55074817 0.17123324 0.9798803  0.8900403
  0.32292593 0.799629  ]]"
-415.04507798071603,23.926470588235304,-8.45588235294116,-1.5670788718004534,-0.018865686021670786,-0.028563657838759995,83.5,153.0,88.42671950390461,172.0,151.5,88.42671950390461,0.6255687073604108,0.7107779870224283,"[[0.423436   0.1742432  0.56429034 0.2712114  0.21564753 0.
  0.3318377  0.00611619 1.         0.3120788  0.1867276  0.355593
  0.38591707 0.         0.5077496  0.13548227 0.990289   0.91318226
  0.30619612 0.8547831 ]]"
-414.58910636787766,24.014705882352928,-9.102941176470608,-1.5598478591667992,-0.02948207178534373,-0.02757921239974079,83.0,153.0,89.17791985064963,172.0,151.5,89.17791985064963,0.6206316731221398,0.7065980340626459,"[[0.40716568 0.24611762 0.38446248 0.2737412  0.21418494 1.
  0.34745136 0.00400777 1.         0.31556448 0.20771474 0.3969043
  0.39678642 0.         0.62420166 0.08423847 0.9780602  0.8857465
  0.41124225 0.83445114]]"
-414.02626294776786,23.470588235294144,-7.470588235294144,-1.5632493002737031,-0.016041404646643782,-0.03495079653065275,83.0,154.0,89.51551696648897,172.5,152.0,89.51551696648897,0.6197710582501041,0.7071587997551895,"[[0.4237782  0.18098095 0.38146663 0.27486444 0.22965515 1.
  0.37299982 0.00719538 1.         0.1536295  0.21413869 0.5737784
  0.42037734 0.         0.63501436 0.16078699 0.9975206  0.8763823
  0.26328963 0.73221564]]"
-413.92045728999716,23.60294117647061,-6.352941176470608,-1.5562518979143867,-0.02948207178534373,-0.021273386024061203,83.5,154.0,88.10071572417054,171.5,152.5,88.10071572417054,0.6263923245348976,0.7158449395191014,"[[0.39574012 0.20517108 0.5605191  0.30387145 0.17035685 1.
  0.3039698  0.01507133 0.         0.17973825 0.15681453 0.3701942
  0.4134359  0.         0.5925777  0.16793539 0.99105775 0.78367364
  0.44293052 0.84034836]]"
-413.7570038460124,21.808823529411768,-5.691176470588232,-1.552071923620548,-0.015913775848607384,-0.02757921239974079,82.5,154.5,88.43743865329634,171.0,152.5,88.43743865329634,0.6217857063630827,0.7147632836842301,"[[0.42290208 0.18585426 0.36754808 0.28602958 0.24970864 1.
  0.34347716 0.02743802 1.         0.20189247 0.23992601 0.46949762
  0.5428153  0.         0.62672466 0.18077098 0.97374344 0.8970661
  0.75835013 0.74168754]]"
-413.60577312559116,20.117647058823536,-5.338235294117624,-1.5445851025978954,-0.013440050908854228,-0.027964735969865488,82.5,155.5,88.18241825267036,171.0,153.5,88.18241825267036,0.6231536186288306,0.7194102168639961,"[[0.4363623  0.22829081 0.4185216  0.29713282 0.1846134  0.
  0.33650273 0.00235108 1.         0.10442886 0.1809743  0.67870855
  0.4644245  0.         0.6671298  0.14818016 0.93744725 0.7313642
  0.6779209  0.77910763]]"
-413.5264889227044,20.176470588235304,-5.323529411764696,-1.5482437601445922,-0.019123351566084468,-0.04135571737381214,82.5,155.5,88.01739884818228,170.5,154.0,88.01739884818228,0.6231056411570212,0.7211403910767711,"[[0.43941706 0.15158167 0.37888062 0.2737412  0.2137256  0.
  0.35368738 0.00875993 0.         0.1319653  0.2532927  0.7588321
  0.47925898 0.         0.6196605  0.2793893  0.97197443 0.8035012
  0.7065264  0.77268916]]"
-413.2759909706386,19.25,-4.926470588235304,-1.548158685136999,-0.005361878910097319,-0.0422284021130019,81.5,156.0,88.93915679334447,170.5,154.0,88.93915679334447,0.6163076483888154,0.7167773148280986,"[[0.43736142 0.16523965 0.26029128 0.27486444 0.20709924 1.
  0.33596176 0.0037288  0.         0.13156845 0.28264728 0.73063064
  0.48732325 0.         0.6646184  0.28799447 0.9949338  0.7024032
  0.6750266  0.74656224]]"
-413.04096445921,20.70588235294116,-5.0,-1.5479865952504128,-0.008107930435610665,-0.04164257909858842,82.0,156.5,89.02438024371627,171.0,154.5,89.02438024371627,0.6177246360672504,0.7178982745336396,"[[0.3813482  0.1359319  0.4341521  0.29824746 0.13556813 1.
  0.31588906 0.00876121 0.         0.13105664 0.19384949 0.6004091
  0.4372676  0.         0.6976949  0.27881664 0.8950115  0.5396793
  0.17130801 0.86105883]]"
-412.7114668721707,21.485294117647072,-4.529411764705856,-1.5631041708192477,-0.016258729805129588,-0.047583103276983396,81.5,156.5,89.94481332708654,171.5,154.5,89.94481332708654,0.6128763937406972,0.712805668290814,"[[0.38066077 0.27120882 0.40531507 0.28886554 0.13137858 1.
  0.28420365 0.00213997 0.         0.17319067 0.17060164 0.6536562
  0.52826476 0.         0.6988804  0.4057028  0.9664177  0.73044753
  0.31031796 0.8717385 ]]"
-412.6170756559329,20.779411764705856,-4.382352941176464,-1.5401545794177172,0.0,-0.03423319630938071,83.0,157.0,88.44120771576007,171.0,154.5,88.44120771576007,0.6226987547350471,0.7219525946958125,"[[0.3996588  0.23443952 0.5203623  0.28786147 0.13883513 1.
  0.30779013 0.00301087 1.         0.14391942 0.19613108 0.42259043
  0.5205334  0.         0.6690672  0.39885238 0.787748   0.60844
  0.25132534 0.8441137 ]]"
-412.372484155077,20.54411764705884,-3.2794117647058556,-1.5363272257953886,-0.0027026961220091125,-0.03470827822527492,82.0,157.0,89.28500714005683,171.5,154.5,89.28500714005683,0.6172766475836721,0.7172458799610739,"[[0.38177356 0.19859792 0.6223196  0.28751594 0.18537806 0.
  0.35720393 0.0014508  1.         0.11235619 0.22437501 0.6932603
  0.52127063 0.         0.7019225  0.2461632  0.9689519  0.41569397
  0.16693787 0.7820761 ]]"
-412.04269059736777,20.60294117647061,-3.7205882352941444,-1.5478995655735126,-0.005361878910097319,-0.04164257909858842,81.5,156.5,89.77228135677515,171.5,154.5,89.77228135677515,0.6137801238854492,0.7137557195490606,"[[0.40577665 0.23861387 0.40101132 0.28786147 0.14655803 1.
  0.34614772 0.00177887 0.         0.13448788 0.21206497 0.6393124
  0.54975426 0.         0.74484724 0.42319933 0.9554591  0.7020944
  0.27754632 0.87334675]]"
-411.78064692428876,21.838235294117624,-3.0441176470588402,-1.544186639547972,-0.016302903318662125,-0.04891200614919467,82.0,157.0,89.53262130518564,171.5,154.5,89.53262130518564,0.6159700587436363,0.7158742522404439,"[[0.35752153 0.23724449 0.4702117  0.29124862 0.10710174 1.
  0.25856122 0.00788672 0.         0.17428735 0.13969028 0.27100146
  0.4576041  0.         0.7608675  0.3436984  0.96091604 0.41773847
  0.23541403 0.56250304]]"
-411.5334670885691,21.029411764705856,-3.235294117647072,-1.5440851240672098,-0.0053907833592066,-0.034469100999508014,82.0,157.0,89.53262130518561,171.5,155.0,89.53262130518561,0.6159700587436365,0.7166685251315909,"[[0.38700446 0.24187233 0.54228574 0.29713282 0.13962603 0.
  0.36603877 0.01080187 1.         0.1273501  0.16915402 0.46445858
  0.48453444 0.         0.6554996  0.4416831  0.88575935 0.56571877
  0.48331404 0.82422113]]"
-411.25284731894806,21.220588235294144,-2.2205882352941444,-1.5403874523376637,-0.013476273081154505,-0.04135571737381214,81.5,157.0,89.9514143548863,171.5,154.5,89.9514143548863,0.6128418633283576,0.7135642071797968,"[[0.35785034 0.24677236 0.42034978 0.2891594  0.12893942 1.
  0.2909936  0.01883017 0.         0.13507973 0.18467496 0.44611427
  0.49244815 0.         0.66818905 0.48690727 0.8673369  0.35211042
  0.41424415 0.60598963]]"
-411.0762231142867,21.45588235294116,-2.2941176470588402,-1.5365891430235534,-0.005347542609150672,-0.04193344587339902,82.0,157.0,89.44710572300382,171.5,154.5,89.44710572300382,0.616420755522454,0.7163474668625955,"[[0.40948206 0.22049868 0.49277145 0.28850064 0.12858748 0.
  0.28212026 0.00832622 0.         0.12482076 0.2184562  0.5373217
  0.50772214 0.         0.72569853 0.44740045 0.8317561  0.27185762
  0.42628852 0.57830137]]"
-410.8207958609298,20.235294117647072,-2.382352941176464,-1.5406168134196665,-0.010781253418415118,-0.03400049747242105,81.0,157.5,90.29188778622361,171.5,154.5,90.29188778622361,0.6101361235038258,0.712488531446881,"[[0.38542745 0.27059108 0.46513358 0.29124862 0.1334213  0.
  0.2446077  0.00126444 1.         0.16078782 0.21842739 0.5776166
  0.49337655 0.         0.6914035  0.608049   0.75136733 0.3623082
  0.3099247  0.54209536]]"
-410.623272268777,20.661764705882376,-1.5735294117646959,-1.544186639547972,-0.013476273081154505,-0.03423319630938071,81.5,157.5,89.86583363857231,171.0,155.0,89.86583363857231,0.6123590178348082,0.715621897090373,"[[0.40378466 0.274663   0.41789356 0.29124862 0.11884815 0.
  0.27096504 0.01495093 0.         0.1722033  0.18250248 0.44646996
  0.5403122  0.         0.6929304  0.5371299  0.95604855 0.5485212
  0.27452603 0.7069331 ]]"
-410.39185519256915,21.54411764705884,-1.5441176470588402,-1.5365891430235534,-0.015998634876343527,-0.034469100999508014,81.5,157.5,90.28938814230115,172.0,154.5,90.28938814230115,0.6120065123898238,0.7125022267796542,"[[0.3999733  0.22235213 0.4623802  0.2984949  0.11849977 1.
  0.2763756  0.00269144 1.         0.17969018 0.15951061 0.4994055
  0.47018835 0.         0.7270177  0.53106743 0.8946077  0.51548153
  0.31535164 0.5753847 ]]"
-410.13423481015855,20.617647058823536,-1.1764705882353041,-1.5478995655735126,-0.016214795004402177,-0.03423319630938071,81.0,157.5,90.28015808827787,171.5,155.0,90.28015808827787,0.6101971334704843,0.7133450515487869,"[[0.37944317 0.23140462 0.4464205  0.2984949  0.12354252 0.
  0.26129833 0.00224293 0.         0.1716195  0.1489546  0.450011
  0.43919873 0.         0.6632419  0.49198246 0.89963126 0.632173
  0.22794248 0.49001965]]"
-409.9658440074229,22.161764705882376,-1.058823529411768,-1.5517146736035938,-0.018664499021065633,-0.03470827822527492,82.0,157.5,89.95870966418119,172.0,155.0,89.95870966418119,0.6146609809999862,0.7151104735690369,"[[0.37521207 0.22464024 0.53390104 0.30521062 0.11801069 0.
  0.26190272 0.05375524 1.         0.14975971 0.16643716 0.46365774
  0.48156598 0.         0.7334711  0.46014777 0.9566194  0.5095724
  0.2744014  0.518329  ]]"
-409.8063900260805,22.176470588235304,-1.0,-1.5632207141437011,-0.024385409172718538,-0.03470827822527492,82.0,157.5,89.77819891265361,172.0,155.0,89.77819891265361,0.6156076178820624,0.7161050116804788,"[[0.36579424 0.14960957 0.5206983  0.2899733  0.1181854  0.
  0.313909   0.01369491 0.         0.16193649 0.18426166 0.44826585
  0.459992   0.         0.7301027  0.5008266  0.9868679  0.30694854
  0.277256   0.76683575]]"
-409.65301145776533,22.54411764705884,-1.0147058823529278,-1.5480729659532555,-0.019071256992153576,-0.034469100999508014,82.5,157.5,89.77819891265364,172.0,155.0,89.77819891265364,0.6165350543963268,0.7161050116804786,"[[0.38325006 0.21596651 0.57905287 0.2984949  0.08536166 0.
  0.25634366 0.01173683 1.         0.1218711  0.1662213  0.37601325
  0.5352634  0.         0.7078222  0.5328279  0.8509011  0.4526379
  0.33904362 0.65453243]]"
-409.6168632369537,24.54411764705884,-1.2058823529411598,-1.5631336415253574,-0.029561278565278466,-0.034469100999508014,83.0,157.5,89.02246907382427,172.0,155.5,89.02246907382427,0.6214573055820253,0.7210862457763235,"[[0.36576685 0.15568201 0.58151925 0.30182755 0.1309475  1.
  0.32924083 0.00591587 0.         0.13186821 0.2627641  0.41433328
  0.45846882 0.         0.71353763 0.608542   0.37950262 0.4030632
  0.43808576 0.8502926 ]]"
-409.5822592158875,24.014705882352928,-1.25,-1.5480729659532555,-0.032421068115429226,-0.028161566987892423,83.0,157.5,89.3576226307651,172.5,155.0,89.3576226307651,0.6206060258790937,0.7184310584832141,"[[3.6221144e-01 1.4180446e-01 5.1035661e-01 2.9824746e-01 1.3248207e-01
  1.0000000e+00 3.6464649e-01 6.8208639e-04 0.0000000e+00 1.3405001e-01
  2.9762757e-01 5.2850986e-01 4.6262622e-01 0.0000000e+00 6.1788487e-01
  7.1386856e-01 6.9279265e-01 3.5467526e-01 3.3054006e-01 8.6333960e-01]]"
-409.58403502911,24.867647058823536,-1.8529411764706083,-1.5479865952504128,-0.027167227404323164,-0.03470827822527492,83.5,157.5,89.19504999967457,173.0,155.0,89.19504999967457,0.6233180262068975,0.7193335160641533,"[[0.45895135 0.23029765 0.47541788 0.26866257 0.12008077 0.
  0.25222012 0.00247952 1.         0.13254583 0.18931441 0.25242507
  0.54542357 0.         0.6717081  0.5337493  0.4888509  0.25599036
  0.35850433 0.63492715]]"
-409.5524262776969,25.279411764705856,-2.2794117647058556,-1.5439828312470614,-0.024451647498116794,-0.027770636593421036,83.5,157.0,89.18383791048939,173.0,155.5,89.18383791048939,0.6233776092658933,0.7193958241796097,"[[0.44922853 0.18902916 0.56461924 0.2755654  0.12552299 0.
  0.26134104 0.02672905 0.         0.15007721 0.17280832 0.45679823
  0.5024456  0.         0.7002245  0.45625776 0.92825717 0.43855143
  0.26930246 0.77918905]]"
-409.52208646585535,26.911764705882376,-2.573529411764696,-1.5631041708192477,-0.04333328984109104,-0.02757921239974079,84.5,157.0,88.94106975345467,173.5,154.5,88.94106975345467,0.6274388036419689,0.719158261701786,"[[0.37483072 0.16427545 0.48654437 0.28999737 0.12305516 0.
  0.2970531  0.00248824 0.         0.13398474 0.18276732 0.3904059
  0.45067886 0.         0.64936477 0.6187291  0.93337244 0.5701822
  0.43763268 0.775153  ]]"
-409.3934946681261,26.338235294117624,-2.573529411764696,-1.5631919106412033,-0.016258729805129588,-0.04135571737381214,84.0,157.0,89.85748747631193,173.5,154.5,89.85748747631193,0.6216561465248442,0.7140812346519284,"[[0.3627249  0.1762413  0.62247694 0.306433   0.13558695 0.
  0.33427727 0.00206597 1.         0.11290706 0.2261808  0.3661481
  0.48253047 0.         0.61873335 0.6873227  0.873333   0.41467655
  0.6195012  0.8762664 ]]"
-409.3987608448438,25.10294117647061,-1.558823529411768,-1.544186639547972,-0.00828710310388872,-0.03569911267932397,84.5,157.0,88.95180499074266,173.0,154.5,88.95180499074266,0.6264598257464609,0.719098444333376,"[[0.37105155 0.1494865  0.5375965  0.30316162 0.13173299 1.
  0.31303746 0.00191765 0.         0.12065709 0.18861754 0.2762148
  0.48048276 0.         0.7186349  0.6902407  0.89795005 0.44121328
  0.40551344 0.7213748 ]]"
-409.4362883768728,25.735294117647072,-2.2794117647058556,-1.5559275341517897,-0.021676820962694552,-0.03470827822527492,85.0,156.5,88.10603617863597,173.0,154.5,88.10603617863597,0.6319283902430358,0.7230392085707807,"[[0.4182374  0.18649797 0.5388891  0.306737   0.12695679 0.
  0.3269807  0.0025787  0.         0.14725894 0.19827905 0.31653044
  0.5213013  0.         0.7136226  0.629438   0.91405755 0.6720108
  0.21713582 0.71846354]]"
-409.4716022596852,25.176470588235304,-1.867647058823536,-1.5559825956829954,-0.016127633843636236,-0.027964735969865488,84.0,156.5,88.69959444978063,173.0,154.0,88.69959444978063,0.6268853240351494,0.7189120755749292,"[[0.46576157 0.14821187 0.6036838  0.29588214 0.15440948 0.
  0.29903778 0.01150241 0.         0.1258553  0.17925784 0.26132417
  0.45462352 0.         0.68591684 0.3504669  0.78840137 0.60641456
  0.25467756 0.85918915]]"
-409.65807983062854,25.970588235294144,-0.5,-1.5634163869762236,-0.024124005440599155,-0.01408357582286019,86.0,157.0,86.44382408374946,172.5,154.5,86.44382408374946,0.6419603487882595,0.7332978059302255,"[[0.35919484 0.11295194 0.6257103  0.29588214 0.13064459 1.
  0.319464   0.0020672  0.         0.14780012 0.20202398 0.33095518
  0.4939388  0.         0.7419102  0.36040494 0.8620011  0.67642903
  0.18757562 0.8627754 ]]"
-409.65732761947163,24.911764705882376,-1.3970588235293917,-1.5559825956829954,-0.02948207178534373,-0.028563657838759995,83.5,156.5,88.86397220221227,172.5,154.0,88.86397220221227,0.6241559971461681,0.7179946203523508,"[[0.38017777 0.12919006 0.6507447  0.3053941  0.1213446  0.
  0.3007506  0.00431157 1.         0.11277613 0.21459913 0.31996003
  0.5120261  0.         0.62327766 0.32726696 0.9765535  0.69189477
  0.38145587 0.77484137]]"
-409.6575063520229,25.176470588235304,-1.8235294117646959,-1.5745276527615553,-0.03224688243525392,-0.027964735969865488,83.5,156.5,88.86397220221227,172.5,154.0,88.86397220221227,0.6241559971461681,0.7179946203523508,"[[0.43059495 0.1503444  0.34522685 0.29829964 0.15213668 0.
  0.3284073  0.00121855 0.         0.10525955 0.1921939  0.48535797
  0.47487897 0.         0.710346   0.3067216  0.94596833 0.7412304
  0.38973653 0.7505235 ]]"
-409.6295257010658,24.588235294117624,-1.1764705882353041,-1.5558720618048116,-0.021444433402517376,-0.020830320036217084,84.0,156.5,88.60982670612154,172.5,154.5,88.60982670612154,0.6264412497073562,0.7202115114129201,"[[0.4243746  0.13899855 0.58877426 0.31134704 0.11135423 1.
  0.32014406 0.02058843 0.         0.1364289  0.1564577  0.38642988
  0.38322544 0.         0.6653865  0.47004104 0.84660983 0.684107
  0.2795851  0.8344894 ]]"
-409.6585999164237,24.14705882352939,-2.0294117647058556,-1.552071923620548,-0.018865686021670786,-0.01408357582286019,84.0,156.5,88.19127728346432,172.0,154.5,88.19127728346432,0.6277638233276591,0.7225594852842065,"[[0.42978784 0.14708424 0.44016248 0.29505855 0.11503263 0.
  0.32318056 0.00267967 1.         0.1484767  0.14536463 0.35319275
  0.41737318 0.         0.6830968  0.34662923 0.83252513 0.6993457
  0.25037414 0.8614318 ]]"
-409.5469441073358,24.676470588235304,-1.1764705882353041,-1.5519306407732258,-0.01329708858754823,-0.027770636593421036,83.5,156.5,89.44497066787925,173.0,154.5,89.44497066787925,0.6219924622460509,0.7155638080456258,"[[0.4300192  0.1705312  0.46101508 0.27717343 0.16001925 0.
  0.29392314 0.00605542 0.         0.21280578 0.19804788 0.3736488
  0.42421046 0.         0.6414697  0.2852242  0.9296358  0.5195277
  0.3422423  0.88507366]]"
-409.54892011736825,25.764705882352928,-0.8382352941176237,-1.5670369460091287,-0.021330097871105264,-0.027770636593421036,84.0,157.5,88.77851654538952,173.0,155.0,88.77851654538952,0.6264628563899816,0.7216542505928558,"[[0.43215877 0.20737241 0.5510102  0.29717258 0.12850884 0.
  0.3014161  0.003944   0.         0.15882464 0.17554775 0.35440388
  0.44721654 0.         0.6512492  0.31704026 0.8682865  0.6703662
  0.491964   0.8801179 ]]"
-409.41566389453016,25.264705882352928,-0.5294117647058556,-1.5595186094565012,-0.0026666603457059816,-0.033100488715338224,83.0,157.0,90.2760042560837,173.0,155.0,90.2760042560837,0.6166988048729654,0.7125755633217031,"[[4.2485946e-01 1.9625770e-01 4.2908603e-01 2.9690251e-01 1.6219276e-01
  0.0000000e+00 3.2637244e-01 8.0525182e-04 0.0000000e+00 1.4193907e-01
  1.8935500e-01 2.8682145e-01 4.7442150e-01 0.0000000e+00 6.7653400e-01
  2.8748164e-01 7.7066404e-01 7.9627395e-01 3.1722260e-01 8.5350513e-01]]"
-409.42036766529424,27.161764705882376,-0.25,-1.5707963267948966,-0.01871439246288768,-0.033320995878247196,84.5,157.5,88.27458738378661,173.0,155.5,88.27458738378661,0.6300939131290033,0.7252718815460003,"[[4.4201955e-01 1.6537550e-01 6.0939723e-01 3.0256444e-01 1.6177039e-01
  1.0000000e+00 2.9419464e-01 3.9432428e-04 1.0000000e+00 1.6023080e-01
  1.7726576e-01 2.8344122e-01 4.2118725e-01 1.0000000e+00 6.9344085e-01
  3.6661226e-01 7.7999663e-01 7.7180809e-01 2.1797596e-01 8.3089155e-01]]"
-409.32021450267234,26.75,-0.05882352941176805,-1.5631336415253574,-0.021330097871105264,-0.04051835247834694,83.5,157.5,89.85377782201977,173.5,155.5,89.85377782201977,0.6207557977692867,0.7164800187660629,"[[4.1374251e-01 1.8680635e-01 4.7984034e-01 2.9588214e-01 1.4075682e-01
  1.0000000e+00 2.9648557e-01 6.6959293e-04 0.0000000e+00 1.1662063e-01
  2.0072252e-01 2.9479933e-01 4.7394225e-01 0.0000000e+00 6.7142922e-01
  5.6969023e-01 8.9965814e-01 7.8890973e-01 2.5523996e-01 8.8036722e-01]]"
-409.3010507715964,26.691176470588232,-0.33823529411762365,-1.5515679276951895,-0.01617109698686339,-0.027204171397213112,84.5,158.0,89.18383791048939,173.5,156.5,89.18383791048939,0.6261438915964266,0.7225591833076422,"[[0.4147758  0.17865603 0.6367049  0.29915297 0.13385366 1.
  0.29725054 0.05063913 0.         0.10750952 0.24656202 0.3072404
  0.45375282 0.         0.6406119  0.68775016 0.86752236 0.37317646
  0.47286692 0.8476654 ]]"
-409.30727434048566,27.735294117647072,-1.4558823529411598,-1.5513435279682357,-0.016041404646643782,-0.027204171397213112,85.0,158.5,88.69113854019214,174.0,156.5,88.69113854019214,0.6306179816958174,0.7260968308095848,"[[0.3788992  0.15790172 0.5058083  0.30065146 0.13482586 1.
  0.32003978 0.00383235 0.         0.11568867 0.29246557 0.14987619
  0.45403543 0.         0.6483759  0.7046678  0.68131256 0.38065097
  0.47851324 0.8535894 ]]"
-409.2388881663149,27.264705882352928,-1.4558823529411598,-1.5631041708192477,-0.010752273791101236,-0.02702044918726479,84.5,158.5,89.5988358679335,174.0,157.0,89.5988358679335,0.6248593059853547,0.7218310953846043,"[[0.359109   0.14690007 0.58909106 0.28580734 0.18967897 1.
  0.35545823 0.01425536 0.         0.16771258 0.3235987  0.14390188
  0.43663004 0.         0.6121786  0.7194444  0.8768575  0.56647414
  0.6067602  0.8795738 ]]"
-409.27046463471567,27.573529411764696,-0.2352941176470722,-1.56695019191383,-0.016084403686305395,-0.020267494712221466,85.5,158.5,88.35066653838994,174.0,156.5,88.35066653838994,0.6333705806698203,0.7280068695385699,"[[0.41156188 0.15575422 0.63937277 0.29673147 0.16261576 0.
  0.37034616 0.0262777  0.         0.13970852 0.32091475 0.35100672
  0.50017357 0.         0.6298498  0.68166715 0.35258472 0.49266917
  0.55934274 0.7944496 ]]"
-409.2525922668424,27.70588235294116,0.2647058823529278,-1.5630445440826897,-0.018865686021670786,-0.019478055816527538,85.0,158.5,89.59732448882365,174.5,157.0,89.59732448882365,0.6267002788524793,0.721839461539748,"[[0.40969595 0.16016388 0.6362598  0.27614775 0.17708434 1.
  0.3234651  0.01791198 0.         0.13146268 0.3766871  0.48839903
  0.5337633  0.         0.72886664 0.7610905  0.2219901  0.8247948
  0.61625814 0.8673664 ]]"
-409.21131579035625,28.279411764705856,-0.5294117647058556,-1.5631041708192477,-0.010723449532613269,-0.025968187211556387,85.0,158.5,89.60042472617589,174.5,157.0,89.60042472617589,0.6266838424354307,0.7218223005194755,"[[0.40437078 0.23139833 0.41556868 0.28436518 0.18495801 0.
  0.3364688  0.01655015 0.         0.22786418 0.21392484 0.34218293
  0.4340979  0.         0.528483   0.35830346 0.6551668  0.758911
  0.2895093  0.86216444]]"
-409.19574713241707,27.911764705882376,-1.382352941176464,-1.5669203772122096,-0.010694779396868033,-0.01986493625116497,85.5,158.0,89.09210278008808,174.5,157.0,89.09210278008808,0.6303050572360772,0.7238579214904617,"[[0.3873151  0.20010996 0.30460253 0.2830432  0.1618188  0.
  0.32449868 0.15008447 0.         0.20122577 0.21392936 0.40605417
  0.47122177 0.         0.55701    0.40662503 0.17183113 0.7103628
  0.23328154 0.8949078 ]]"
-409.180612072889,29.79411764705884,-2.632352941176464,-1.5630143827194052,-0.018764553335931435,-0.01973427992160925,85.5,158.0,89.17663495682162,174.5,156.5,89.17663495682162,0.6298535682512376,0.7225992492449742,"[[0.3858622  0.2068865  0.39502868 0.27919534 0.19822456 0.
  0.26733363 0.05774847 0.         0.34114537 0.28916675 0.5669274
  0.44267637 0.         0.5709323  0.3225381  0.7924503  0.73030937
  0.2747241  0.85452205]]"
-409.14203131530644,29.779411764705856,-2.558823529411768,-1.5513435279682357,-0.010723449532613269,-0.032882879805511994,85.5,158.5,89.18383791048939,175.0,156.5,89.18383791048939,0.6307298750559264,0.7233472782202233,"[[0.40914124 0.22105557 0.30622754 0.276621   0.17718203 1.
  0.27090564 0.00913019 0.         0.212806   0.31717122 0.5047322
  0.44556245 0.         0.49249765 0.5541096  0.5535829  0.69695485
  0.33924514 0.6786846 ]]"
-409.15065282547823,29.5,-1.4117647058823763,-1.5591237052047504,-0.010781253418415118,-0.020267494712221466,86.0,158.0,88.26007182060172,174.5,157.0,88.26007182060172,0.6356965696841808,0.7285164866710125,"[[0.43065172 0.14632289 0.4052113  0.2668049  0.16016768 1.
  0.28109336 0.01594311 0.         0.17687516 0.39100918 0.29338264
  0.5101521  0.         0.6517837  0.5421878  0.12774776 0.65919435
  0.6229788  0.57799053]]"
-409.158633182234,29.95588235294116,-1.5735294117646959,-1.5513435279682357,-0.002680958724268878,-0.03400049747242105,86.5,158.0,88.3460682643986,175.0,156.5,88.3460682643986,0.6370623532137011,0.7272437345392923,"[[0.40410337 0.1568954  0.46895212 0.2982241  0.1728808  0.
  0.3295823  0.03143152 1.         0.12662518 0.3798569  0.4324046
  0.4817067  0.         0.62383807 0.64713085 0.66042525 0.8013045
  0.45694414 0.7086465 ]]"
-409.1668100238571,29.882352941176464,-0.3970588235293917,-1.5476344464233922,-0.007999829339886634,-0.03423319630938071,86.5,157.5,88.67230558510238,175.0,156.5,88.67230558510238,0.6353008566460646,0.724623870601933,"[[0.37211084 0.14820997 0.53553694 0.29805264 0.1317143  0.
  0.2711528  0.0155542  0.         0.10659953 0.25229642 0.47495335
  0.5141042  0.         0.6557164  0.7014609  0.606974   0.8506497
  0.52428454 0.54729617]]"
-409.1961137647506,29.95588235294116,2.2794117647058556,-1.5438797521268386,-0.013512691013328216,-0.03519672638649838,87.0,158.5,87.60081493786332,174.5,156.5,87.60081493786332,0.6411179889367918,0.7322425637358366,"[[0.39961076 0.13587952 0.6901915  0.23104721 0.1275365  1.
  0.31063733 0.04389355 0.         0.05327155 0.19604221 0.5646967
  0.49716204 0.         0.60057    0.44652092 0.9261522  0.7126957
  0.33056763 0.85539645]]"
-409.1817439811572,30.85294117647061,0.8382352941176237,-1.5475447039844337,-0.010694779396868033,-0.04164257909858842,87.0,158.5,88.3460682643986,175.5,157.0,88.3460682643986,0.6388883981756368,0.7288206010685843,"[[0.38632363 0.11682916 0.54299057 0.30212897 0.12900157 1.
  0.29614967 0.02174942 0.         0.09422506 0.22921287 0.43796673
  0.45005667 0.         0.6810554  0.607067   0.9624475  0.5447912
  0.44854492 0.61626494]]"
-409.21011881780174,31.941176470588232,2.8970588235293917,-1.5514189075040565,-0.008064341306767012,-0.03519672638649838,88.0,159.0,87.7614348358346,175.5,157.5,87.7614348358346,0.6438942325119699,0.7336939163665619,"[[0.38376504 0.11274819 0.5811219  0.2972011  0.1401764  0.
  0.22874196 0.02055133 0.         0.09968473 0.23809563 0.35451046
  0.46608576 0.         0.6830344  0.6927988  0.9535011  0.5636053
  0.3628568  0.55598843]]"
-409.19631661667586,31.632352941176464,4.058823529411768,-1.5515679276951895,-0.01871439246288768,-0.028161566987892423,87.0,159.5,88.67669116264744,175.5,158.0,88.67669116264744,0.6371012864651244,0.7301044052505912,"[[0.4255655  0.16881542 0.52603066 0.2972011  0.12698777 0.
  0.22020155 0.01444466 0.         0.10877835 0.24225764 0.28725705
  0.4926087  0.         0.67837316 0.5981032  0.83621126 0.51848817
  0.7182636  0.6118971 ]]"
-409.16181143351974,31.75,4.029411764705856,-1.5514937051762134,-0.0026666603457059816,-0.03519672638649838,87.0,159.5,89.00877765703787,176.0,158.5,89.00877765703787,0.6362240976787963,0.7290289681630903,"[[0.40696004 0.1705409  0.5425789  0.2963754  0.16571511 1.
  0.23493958 0.06242771 0.         0.14065196 0.22162502 0.20798023
  0.45436135 0.         0.63151777 0.4924832  0.80675995 0.85547376
  0.25311786 0.4375915 ]]"
-409.14856314164035,31.838235294117624,5.073529411764696,-1.5476344464233922,-0.01871439246288768,-0.04107277859045407,88.0,160.0,88.59901084223358,176.5,158.5,88.59901084223358,0.6411546940128466,0.7321030796788469,"[[0.42540094 0.20784788 0.42776087 0.2972011  0.13298845 1.
  0.2782262  0.01079616 0.         0.10831128 0.23402898 0.419698
  0.45043245 0.         0.7203841  0.62430865 0.7484054  0.7194303
  0.2450949  0.54936695]]"
-409.15534486999286,32.05882352941177,4.514705882352928,-1.5516415816686882,-0.021330097871105264,-0.03377093960491396,87.5,160.0,88.59901084223357,176.0,158.5,88.59901084223357,0.6393400006313603,0.732103079678847,"[[0.43834123 0.17856376 0.47324556 0.30390036 0.12733135 0.
  0.2212459  0.00499767 0.         0.11215851 0.22304153 0.25324383
  0.49625805 0.         0.66617453 0.593291   0.7579599  0.80218613
  0.22862351 0.541416  ]]"
-409.12256620839344,31.617647058823536,3.191176470588232,-1.5514189075040565,0.0,-0.03470827822527492,87.0,160.0,89.26260415201877,176.5,158.5,89.26260415201877,0.6357709536055338,0.7283947901916141,"[[0.38329175 0.16610886 0.47795853 0.29989234 0.15338813 0.
  0.27065292 0.01115103 0.         0.10616145 0.2801768  0.27113816
  0.438358   0.         0.67262626 0.61745363 0.87155557 0.40113366
  0.5667839  0.5321235 ]]"
-409.05119806310074,31.720588235294144,2.7794117647058556,-1.5550495969450278,-0.005376292285708889,-0.027390408474862536,86.5,160.0,89.5112112779424,176.0,159.0,89.5112112779424,0.6326285546128567,0.7277924570626907,"[[0.3768635  0.1589461  0.54254687 0.27289212 0.15975776 0.
  0.28229418 0.0021577  0.         0.16176601 0.2606815  0.43897957
  0.48305103 0.         0.5939583  0.70931697 0.91700613 0.54344904
  0.37371245 0.6454025 ]]"
-409.0402158370284,31.25,2.882352941176464,-1.5511138294898168,-0.002688165567887454,-0.02757921239974079,87.0,160.0,88.75880238038367,176.0,159.0,88.75880238038367,0.6375687234082899,0.7319871010165886,"[[0.39583337 0.20873553 0.5200519  0.30883288 0.17887752 0.
  0.26517388 0.00232004 0.         0.16950513 0.33975956 0.2684629
  0.45140067 0.         0.6554381  0.6604702  0.89402384 0.6479501
  0.21966405 0.655008  ]]"
-409.01025962766494,31.720588235294144,3.7205882352941444,-1.5552936928698802,-0.005376292285708889,-0.020267494712221466,87.0,160.0,89.17324742071222,176.0,159.0,89.17324742071222,0.6353420706739564,0.7296717248287734,"[[0.38509002 0.19094783 0.5574948  0.2982241  0.17944402 1.
  0.2595548  0.00328906 0.         0.17768402 0.36903095 0.3213877
  0.45443326 0.         0.65176225 0.58491015 0.77103996 0.6593833
  0.42378685 0.5776229 ]]"
-408.9049827464624,31.161764705882376,4.264705882352928,-1.5432442455471378,-0.0026595681974234645,-0.020267494712221466,86.5,160.5,90.42419323511945,176.5,159.0,90.42419323511945,0.6287018897046008,0.7235321561144421,"[[3.6301875e-01 1.5416925e-01 6.3025939e-01 2.9741904e-01 1.9114970e-01
  0.0000000e+00 3.7095168e-01 4.1241187e-04 0.0000000e+00 1.5322146e-01
  3.0331156e-01 5.4378211e-01 5.2781868e-01 1.0000000e+00 6.4754784e-01
  4.7270709e-01 8.4258235e-01 8.9790988e-01 2.3762745e-01 8.4694290e-01]]"
-408.85872290174984,31.573529411764696,5.073529411764696,-1.5472712558096797,-0.005347542609150672,-0.020405330686538086,87.0,161.0,89.26124267813238,176.0,159.5,89.26124267813238,0.6348710299989351,0.7315130418101442,"[[0.3665182  0.16692895 0.48691428 0.2930506  0.21456501 0.
  0.29698616 0.001674   0.         0.19935183 0.21501304 0.4475869
  0.5101665  1.         0.69717216 0.3180327  0.9826232  0.8630126
  0.23459099 0.7625411 ]]"
-408.8503761436258,31.70588235294116,5.970588235294144,-1.5397985069126623,0.0,-0.034469100999508014,88.0,161.0,88.08810299290641,176.0,160.0,88.08810299290641,0.6430208547730432,0.7388700993208365,"[[0.34139878 0.15681016 0.4069563  0.2930506  0.20171511 0.
  0.30680144 0.00411041 0.         0.21760215 0.37890193 0.44421968
  0.49470577 1.         0.71282274 0.38207626 0.89954007 0.8722154
  0.17510147 0.4186772 ]]"
-408.75040404119187,30.85294117647061,6.70588235294116,-1.539434064374055,-0.007999829339886634,-0.03519672638649838,86.5,161.5,90.3431728958469,177.0,160.5,90.3431728958469,0.6300322457108124,0.7278465337815972,"[[0.34351805 0.145729   0.42976028 0.29174238 0.20368455 1.
  0.33467278 0.00101626 1.         0.1303428  0.25790966 0.44305852
  0.46275142 1.         0.6853918  0.4094375  0.874612   0.84698164
  0.24907477 0.7371925 ]]"
-408.7071082840721,31.573529411764696,7.867647058823536,-1.539434064374055,0.002688165567887454,-0.0422284021130019,87.5,162.0,89.42660708958802,176.5,160.5,89.42660708958802,0.6357996743038187,0.7336858614706301,"[[0.39774388 0.10962418 0.47797617 0.2678202  0.20849903 0.
  0.32679376 0.00241962 1.         0.14555149 0.27179372 0.7025196
  0.53842956 0.         0.6376129  0.60195106 0.98311675 0.81842744
  0.34052426 0.5775125 ]]"
-408.59294346709027,30.838235294117624,7.073529411764696,-1.5353780735380431,0.0026737904196447275,-0.054739780049880706,86.5,162.0,90.42649716144537,177.0,160.5,90.42649716144537,0.629593440422265,0.7281593153500292,"[[4.0113479e-01 1.3672279e-01 3.5807285e-01 2.7213553e-01 2.3744051e-01
  1.0000000e+00 2.9283404e-01 5.7315483e-04 1.0000000e+00 1.5323065e-01
  3.7488157e-01 3.8424438e-01 5.1780218e-01 0.0000000e+00 6.5515244e-01
  7.0496064e-01 9.7542971e-01 8.9304221e-01 5.5045128e-01 4.3470803e-01]]"
-408.4635217071888,31.14705882352939,7.970588235294144,-1.5430256902014756,0.005347542609150672,-0.054739780049880706,86.5,162.5,90.92644310405834,177.5,161.0,90.92644310405834,0.6278726161757261,0.7269586193531962,"[[0.3741766  0.13808928 0.39075282 0.2703432  0.2410933  0.
  0.29197904 0.02120046 0.         0.18091202 0.3046852  0.62825775
  0.54427934 0.         0.6904814  0.71041405 0.95171726 0.9033912
  0.48286963 0.41648123]]"
-408.4067944689865,31.45588235294116,9.441176470588232,-1.5314465704062914,0.002688165567887454,-0.04790851816949941,87.5,162.5,89.42660708958803,177.0,161.0,89.42660708958803,0.6367039692644522,0.7352258222154576,"[[0.38382384 0.19103709 0.64062464 0.29588214 0.11180248 0.
  0.30246937 0.00216356 1.         0.11053141 0.19291608 0.465626
  0.4864027  0.         0.70337254 0.3750608  0.91238064 0.7990934
  0.30622002 0.67137927]]"
-408.4039371000659,31.632352941176464,10.25,-1.5390609532664388,0.0026737904196447275,-0.04024671177514055,88.0,162.5,88.92326592192968,176.5,161.5,88.92326592192968,0.6394045271324804,0.7388034192341064,"[[0.40030858 0.15181476 0.4410071  0.3076039  0.1320123  1.
  0.33085638 0.02826171 1.         0.14160526 0.23255807 0.27947685
  0.45080727 0.         0.6173847  0.43470082 0.741252   0.689452
  0.4662661  0.6784295 ]]"
-408.383386632681,32.44117647058823,9.764705882352928,-1.5349551081054449,0.007999829339886634,-0.039978687123290044,88.5,162.5,88.42938959669712,177.0,161.0,88.42938959669712,0.6438842761097803,0.7408075765744582,"[[0.3710625  0.18203002 0.5577548  0.2972011  0.13318798 1.
  0.2634811  0.05820973 1.         0.1278334  0.258713   0.45074573
  0.45180815 0.         0.63442695 0.5667096  0.79239607 0.70406467
  0.41663858 0.5966891 ]]"
-408.3292346081785,31.95588235294116,8.79411764705884,-1.5349551081054449,0.013404022922329872,-0.05400150037596829,87.5,162.0,89.67921225741846,177.5,160.5,89.67921225741846,0.6362584069561634,0.7322832347201448,"[[0.34954363 0.11621661 0.5945458  0.306737   0.13276649 1.
  0.30150568 0.00403698 0.         0.09746166 0.25854725 0.55457056
  0.49721012 0.         0.67169935 0.52687156 0.9895158  0.6092541
  0.5065674  0.47246167]]"
-408.2933317951464,31.220588235294144,9.676470588235304,-1.5192547145054098,0.018764553335931435,-0.04135571737381214,88.0,162.5,88.9254525493748,176.5,161.0,88.9254525493748,0.6393927526971992,0.7380223846969711,"[[0.3611896  0.15631694 0.52129954 0.3058963  0.11064753 1.
  0.26663288 0.01388998 1.         0.10248137 0.22299804 0.63127375
  0.46511343 0.         0.66480905 0.6600349  0.87432474 0.6582295
  0.35596457 0.46267328]]"
-408.25784955612716,30.617647058823536,8.54411764705884,-1.5311345968717691,0.008086077129573162,-0.04857287530613261,87.5,162.0,89.17791985064963,177.0,160.5,89.17791985064963,0.6380357833611527,0.7350710098383871,"[[0.35170332 0.20861068 0.57187307 0.3064153  0.11723758 0.
  0.25003746 0.00096498 0.         0.1015787  0.1555532  0.46809286
  0.5091198  0.         0.7048483  0.52868336 0.68316984 0.6880925
  0.48078403 0.4944071 ]]"
-408.22361024694874,31.0,8.529411764705856,-1.5352381981834389,0.002695411262133521,-0.047583103276983396,88.0,162.5,89.3409511677347,177.0,161.5,89.3409511677347,0.6380654880503595,0.7364710302198046,"[[0.36268452 0.19987698 0.6671035  0.2801559  0.12602629 1.
  0.30581653 0.00256006 0.         0.15424037 0.21096608 0.53115344
  0.5005482  0.         0.6387527  0.4909027  0.94514203 0.37206918
  0.25770754 0.57617366]]"
-408.2228851753628,30.323529411764696,7.367647058823536,-1.5386788606912614,0.008086077129573162,-0.04107277859045407,87.5,161.5,88.83724194027839,176.0,161.0,88.83724194027839,0.6380547474497699,0.7369754453630523,"[[0.36360002 0.20137528 0.6926592  0.29774165 0.12228012 1.
  0.3286587  0.00629671 0.         0.1386902  0.2567225  0.32486472
  0.37451243 0.         0.6485871  0.63599247 0.25968608 0.2913179
  0.40767962 0.5553471 ]]"
-408.2056016544092,31.39705882352939,6.220588235294144,-1.5385494443596428,0.005347542609150672,-0.05258306161094172,87.5,162.0,88.67434177307938,176.5,161.0,88.67434177307938,0.6398408483954923,0.738660069321023,"[[0.33562702 0.20766707 0.5726453  0.29897675 0.12052013 0.
  0.28705177 0.00171891 0.         0.10748369 0.26543844 0.5052543
  0.36305952 0.         0.563756   0.48404974 0.09524996 0.26754367
  0.3435431  0.67243075]]"
-408.17263370871694,31.70588235294116,5.588235294117624,-1.542348718624874,0.002695411262133521,-0.05328285155969236,87.5,162.0,89.34328302800508,177.0,160.5,89.34328302800508,0.6371496675300979,0.7341494898640998,"[[0.35084668 0.22794576 0.61415553 0.33259335 0.1360206  0.
  0.2991357  0.00715393 0.         0.1478813  0.31991258 0.30641025
  0.41829506 0.         0.611379   0.48232374 0.15947455 0.2852302
  0.27948886 0.37864506]]"
-408.1561620450626,30.441176470588232,4.647058823529392,-1.5382874585128727,0.016041404646643782,-0.05992815512120789,88.0,162.0,88.51133794291242,176.5,160.5,88.51133794291242,0.6416293229008266,0.7388048039369585,"[[0.43422577 0.21513249 0.6085783  0.31119028 0.1399255  0.
  0.30119663 0.0020647  0.         0.16783957 0.1961416  0.56455624
  0.4115405  0.         0.73434746 0.6328611  0.06476007 0.23145252
  0.42584082 0.58090544]]"
-408.1245128440605,31.485294117647072,2.7205882352941444,-1.5544043524868913,0.010723449532613269,-0.06526664607254767,88.0,161.5,88.92228973160279,176.5,160.5,88.92228973160279,0.6394097837906758,0.7357272369114006,"[[0.38223398 0.20622586 0.6222261  0.31214046 0.12442218 0.
  0.31268102 0.02985152 0.         0.15000102 0.22372098 0.41782188
  0.46918282 0.         0.70053154 0.6388702  0.02092378 0.2249219
  0.53866696 0.5300275 ]]"
-408.0623356165855,31.941176470588232,2.632352941176464,-1.5500524147771286,0.008086077129573162,-0.058755822715722696,87.5,161.5,89.5099311684339,177.0,160.0,89.5099311684339,0.6362588075548519,0.7316786118770249,"[[0.37446803 0.17968096 0.4005524  0.32438442 0.14434591 1.
  0.29135934 0.02855902 0.         0.13030364 0.23636007 0.54652464
  0.43574315 0.         0.743198   0.52227175 0.27594504 0.3671427
  0.34266013 0.55119747]]"
-408.03215517981823,30.676470588235304,2.485294117647072,-1.5508786423635927,0.00802121834165866,-0.0591414763795961,87.5,160.5,89.17137838018554,176.5,159.5,89.17137838018554,0.6371658286379631,0.7312376484331783,"[[0.3685498  0.15712969 0.62964433 0.32042474 0.16119441 0.
  0.22138028 0.06703763 0.         0.17665051 0.41185066 0.5515311
  0.5219246  0.         0.67870843 0.70535874 0.13189457 0.25954598
  0.4122192  0.6172145 ]]"
-408.0330771022441,30.941176470588232,3.367647058823536,-1.5430256902014756,0.0,-0.06401497783434405,87.5,160.5,88.75316895750822,176.5,160.0,88.75316895750822,0.6394153176385867,0.7343514628098858,"[[0.36514953 0.18036543 0.649947   0.28136814 0.20379844 1.
  0.33498445 0.00652007 0.         0.20734183 0.22061847 0.3243324
  0.45987746 0.         0.6017148  0.40084627 0.8564331  0.4628508
  0.52168345 0.907329  ]]"
-408.0037155387669,30.64705882352939,4.632352941176464,-1.5551113386792748,-0.008064341306767012,-0.04632445070060684,87.5,160.5,88.75563362401286,176.0,159.5,88.75563362401286,0.6384945221698096,0.7335611391939364,"[[0.35730925 0.17639299 0.62216324 0.27710184 0.13720715 0.
  0.33232906 0.00099955 0.         0.15299727 0.20023586 0.3042816
  0.49553448 0.         0.65816385 0.5087652  0.8954459  0.35357612
  0.5520882  0.7875756 ]]"
-407.97488712430294,29.970588235294144,5.20588235294116,-1.5353780735380431,-0.0027026961220091125,-0.03945320109703948,87.0,160.0,89.33893017293437,176.0,159.0,89.33893017293437,0.634455667128574,0.7287494474648817,"[[0.41745034 0.128172   0.714081   0.3049364  0.12328565 1.
  0.24819712 0.0577573  0.         0.09547085 0.23489422 0.3663406
  0.39092886 0.         0.6831609  0.64136285 0.62863964 0.4174609
  0.5257143  0.62600696]]"
-407.99115590639053,29.132352941176464,5.308823529411768,-1.5281864740982487,0.013549306296531068,-0.04542327942157701,87.0,159.5,88.423303238205,175.5,158.5,88.423303238205,0.6384701493588401,0.7323089366587618,"[[0.4210205  0.14731184 0.73413545 0.3072211  0.18129028 1.
  0.30734032 0.0011637  0.         0.21357632 0.3350126  0.30583483
  0.4821887  1.         0.6616396  0.54392874 0.96622264 0.8406673
  0.6019437  0.7936321 ]]"
-407.9627418815538,29.75,3.691176470588232,-1.5359267452401069,-0.002688165567887454,-0.04571975139628839,86.5,159.5,89.42322902293839,176.0,158.5,89.42322902293839,0.63309755182373,0.7267215793673557,"[[0.41448247 0.20426707 0.7412862  0.31219596 0.18044369 1.
  0.30313292 0.00365784 1.         0.127201   0.26511824 0.21533465
  0.38759592 0.         0.69128793 0.4975394  0.98318267 0.706477
  0.16030344 0.86302656]]"
-407.9783521870319,30.79411764705884,2.7794117647058556,-1.5430256902014756,-0.008107930435610665,-0.04024671177514055,87.5,159.0,88.09472490198011,175.5,157.5,88.09472490198011,0.6411646734819031,0.7318091690183756,"[[0.42225355 0.14993715 0.4659024  0.3049364  0.14884996 0.
  0.3043489  0.02575861 1.         0.10538126 0.29400104 0.45206794
  0.35214582 0.         0.6791151  0.4550108  0.63403696 0.62565
  0.19684198 0.7073906 ]]"
-407.9941666852007,29.911764705882376,1.132352941176464,-1.534667476282121,0.008064341306767012,-0.0407936828678654,87.0,159.0,88.25318691129516,175.0,158.5,88.25318691129516,0.6384793189468049,0.7324840354027576,"[[0.4051935  0.14747621 0.6192544  0.29411125 0.13592131 0.
  0.28737342 0.0047614  0.         0.10037454 0.26338026 0.28978375
  0.47715402 0.         0.7436163  0.6462882  0.80813235 0.5826069
  0.40944973 0.72420335]]"
-407.9948917659914,31.279411764705856,0.7647058823529278,-1.5384189812162212,-0.005434729100835944,-0.04024671177514055,87.5,159.0,88.59466061162426,176.0,158.0,88.59466061162426,0.6393635114560063,0.7297811217251371,"[[0.42384526 0.12431921 0.555701   0.29323512 0.17882176 0.
  0.2784721  0.02902289 0.         0.13390937 0.3699264  0.38872522
  0.52852356 0.         0.66231036 0.7946957  0.44457257 0.29597718
  0.5022777  0.56524044]]"
-407.98138051475064,31.60294117647061,0.6470588235293917,-1.5382874585128727,-0.0027026961220091125,-0.02757921239974079,87.5,159.5,88.92545254937481,176.5,158.5,88.92545254937481,0.6384869760422922,0.7294943114284478,"[[0.304043   0.15208533 0.53984386 0.30183473 0.17071722 1.
  0.321489   0.02312953 0.         0.11096232 0.3766308  0.42376176
  0.4498334  0.         0.6160314  0.6323994  0.1873999  0.24552247
  0.41275945 0.8318082 ]]"
-407.9822016157273,31.485294117647072,0.9558823529411598,-1.5343751925803897,-0.002688165567887454,-0.027390408474862536,88.5,160.0,88.26007182060174,177.0,158.5,88.26007182060174,0.6448046752199803,0.7340090249992317,"[[0.3487396  0.17464852 0.46597144 0.27713653 0.21809538 0.
  0.36836076 0.00136415 0.         0.13830744 0.32158843 0.29162496
  0.46175933 0.         0.6651058  0.636483   0.60633487 0.54157525
  0.40843236 0.81191385]]"
-407.969280699465,31.529411764705856,1.3235294117646959,-1.530332595247236,0.01086913717727018,-0.027204171397213112,88.0,160.0,89.09210278008807,177.0,159.0,89.09210278008807,0.6394005501804552,0.7301241136995751,"[[0.38029873 0.1287631  0.35380492 0.274574   0.20317283 1.
  0.33616573 0.00318719 0.         0.1786936  0.33050257 0.40927497
  0.48951408 0.         0.68681186 0.6153105  0.7118415  0.59710944
  0.37388775 0.79025114]]"
-407.9011144965507,32.94117647058823,1.882352941176464,-1.530332595247236,0.0,-0.033100488715338224,88.0,160.0,89.83986525417816,178.0,159.0,89.83986525417816,0.6372033729989924,0.7259725290591088,"[[0.3886755  0.15193336 0.64356697 0.27163932 0.18279396 1.
  0.3236373  0.18273373 0.         0.22920792 0.26466006 0.25482395
  0.45748866 0.         0.5601792  0.6954186  0.5846955  0.3943131
  0.38099682 0.8147633 ]]"
-407.87552936113053,34.76470588235293,3.735294117647072,-1.5428036406880827,-0.0027026961220091125,-0.033544459561678404,88.5,160.0,89.50469416615965,178.0,159.0,89.50469416615965,0.6398909703891601,0.7278286210766411,"[[0.40277037 0.09946422 0.7254761  0.30481997 0.1454868  0.
  0.31898394 0.28579327 0.         0.08376306 0.2569194  0.46665713
  0.47246838 0.         0.693168   0.71277744 0.74007225 0.43500245
  0.39853013 0.82813025]]"
-407.8368710875653,34.617647058823536,3.367647058823536,-1.530332595247236,0.002688165567887454,-0.033544459561678404,88.5,160.0,89.66914494716427,178.5,159.0,89.66914494716427,0.6399095347252319,0.7269169664860934,"[[0.39700505 0.1219053  0.55951154 0.30445582 0.14792721 0.
  0.32079542 0.2648696  0.         0.09487604 0.2777698  0.41359442
  0.4532703  0.         0.6448535  0.6975327  0.6325231  0.603543
  0.28800446 0.7777998 ]]"
-407.7987122671415,35.161764705882376,2.25,-1.5301682891135235,0.002695411262133521,-0.033320995878247196,89.0,160.0,89.92133908156741,179.0,159.0,89.92133908156741,0.6403549388345234,0.7255225169577325,"[[0.43397614 0.10624851 0.69773084 0.30431798 0.1643623  0.
  0.3397102  0.12671413 0.         0.10048428 0.33034298 0.5043834
  0.47344723 0.         0.6026024  0.7057401  0.74762505 0.5433897
  0.32830775 0.7816737 ]]"
-407.7745841401868,35.98529411764707,2.6617647058823763,-1.534811866712845,-0.002688165567887454,-0.02702044918726479,89.5,160.0,89.50387949382107,179.0,159.0,89.50387949382107,0.6434803031466251,0.7278331419699652,"[[0.3740286  0.13436231 0.5981004  0.30502638 0.20564394 1.
  0.2832072  0.00666245 0.         0.14895849 0.41830465 0.25622934
  0.5309874  0.         0.630652   0.6286674  0.3301672  0.7585295
  0.3273515  0.6235581 ]]"
-407.7242468111638,35.95588235294116,3.264705882352928,-1.5264705409879191,0.0,-0.026660348374597954,89.5,160.0,89.91913805686134,179.5,159.5,89.91913805686134,0.6421520209952964,0.7263122201260118,"[[0.36691463 0.1288901  0.59407514 0.30139986 0.20709957 0.
  0.2625622  0.03203798 0.         0.13803747 0.4183448  0.47342426
  0.49808517 0.         0.56845325 0.6201475  0.28156266 0.7118404
  0.33053812 0.62139285]]"
-407.70123465472,36.470588235294144,4.147058823529392,-1.5349551081054449,-0.0026666603457059816,-0.033320995878247196,89.5,160.5,89.58523253800756,179.5,159.5,89.58523253800756,0.6439372922008922,0.7289366152942552,"[[0.38761503 0.14458054 0.49342373 0.29831296 0.23615488 1.
  0.28194645 0.00773168 0.         0.15104374 0.4528195  0.49200532
  0.48968798 0.         0.62392646 0.52545404 0.2436941  0.7807589
  0.44176134 0.5889839 ]]"
-407.63920137216303,36.04411764705884,4.367647058823536,-1.5269996499510334,0.010637896575541442,-0.026309717252922193,88.5,160.5,90.41912439055997,179.0,160.0,90.41912439055997,0.6368190756382821,0.7251108338892448,"[[0.37483534 0.13795239 0.51094776 0.29831296 0.22642177 1.
  0.2700944  0.02574015 0.         0.13515715 0.49731195 0.36316657
  0.5156023  0.         0.6268358  0.5527373  0.40926248 0.78732836
  0.56377393 0.5924124 ]]"
-407.5781557939515,36.279411764705856,4.058823529411768,-1.5306572547491646,0.0,-0.026309717252922193,89.0,160.5,90.33579332443787,179.5,160.0,90.33579332443787,0.6390453021421878,0.7255685289752036,"[[0.35753953 0.17227049 0.4837663  0.3071446  0.19159925 1.
  0.27129027 0.01056563 0.         0.16366546 0.38382983 0.23711106
  0.45654386 0.         0.5517852  0.6394611  0.22291479 0.60252005
  0.37925783 0.6218588 ]]"
-407.5439514987688,34.98529411764707,4.779411764705856,-1.526648324510362,0.002688165567887454,-0.026660348374597954,89.0,161.0,89.66806070787476,178.5,160.5,89.66806070787476,0.6408117007614001,0.7308012561221255,"[[0.3689219  0.15169474 0.55214953 0.30502638 0.17437795 0.
  0.31378585 0.02990121 0.         0.11494315 0.5016285  0.15799233
  0.44061258 0.         0.6195283  0.5635904  0.08116264 0.7141537
  0.43471956 0.73138094]]"
-407.52292392290946,36.088235294117624,5.382352941176464,-1.5349551081054449,-0.005347542609150672,-0.02683919125921539,89.5,161.5,89.17056066263623,179.0,160.5,89.17056066263623,0.6452721044964043,0.7343402494007362,"[[0.3813148  0.14329685 0.5323155  0.29831296 0.19427693 1.
  0.28839147 0.01067382 0.         0.13534634 0.54142576 0.2554904
  0.45877704 0.         0.63744956 0.572562   0.19087622 0.8408111
  0.48829457 0.78235734]]"
-407.4513480376102,35.073529411764696,5.897058823529392,-1.5271732254467418,-0.005333282766295106,-0.01973427992160925,88.5,161.0,90.58797136240305,179.0,160.5,90.58797136240305,0.6359273829988847,0.7257311577592849,"[[0.4134169  0.12323172 0.60093486 0.3065158  0.21507989 1.
  0.2580613  0.00635025 0.         0.19505529 0.5616827  0.48873362
  0.39348835 0.         0.6135163  0.6700952  0.10804409 0.75995773
  0.3565316  0.74037784]]"
-407.40620159799835,34.088235294117624,4.985294117647072,-1.526824688523861,0.01329708858754823,-0.01986493625116497,88.5,161.0,90.00385794200406,178.5,160.5,90.00385794200406,0.6381258979542108,0.7289438208253964,"[[0.37475246 0.14858815 0.39625186 0.26918405 0.20946056 1.
  0.29434282 0.06530327 0.         0.17533745 0.38392234 0.43815893
  0.47758508 0.         0.6996077  0.749901   0.3546814  0.63129526
  0.3319701  0.7933726 ]]"
-407.3868237513008,34.25,4.779411764705856,-1.5349551081054449,0.0,-0.026483872597730617,89.0,161.0,89.50190097298366,178.5,160.0,89.50190097298366,0.6417008167490454,0.7309495461871875,"[[0.44826266 0.13360502 0.6274662  0.29761347 0.1853487  0.
  0.26443714 0.00830103 0.         0.10548473 0.54831904 0.51261175
  0.5446689  0.         0.6987885  0.80944914 0.5356434  0.34547594
  0.48557848 0.7473182 ]]"
-407.3428464929301,35.0,4.882352941176464,-1.534521922937848,0.007957391723208664,-0.026483872597730617,88.5,161.0,89.83719843262156,178.5,160.0,89.83719843262156,0.6390129317963372,0.7290913722192003,"[[0.35113317 0.15116867 0.4096709  0.27479935 0.21997182 0.
  0.29510817 0.0115141  0.         0.18221124 0.41758022 0.58323187
  0.5021366  0.         0.67033094 0.63436556 0.60465336 0.6109962
  0.3049285  0.880247  ]]"
-407.28724292862296,34.088235294117624,5.470588235294144,-1.5308176396716067,0.007936341307466063,-0.033320995878247196,89.0,161.5,89.83719843262156,178.5,160.5,89.83719843262156,0.6399088216764871,0.7306370000397843,"[[0.4176866  0.12255134 0.5418246  0.30680004 0.17888741 1.
  0.2614507  0.14917575 0.         0.10009035 0.5341639  0.579912
  0.4999528  0.         0.66955864 0.84542286 0.10171934 0.35717002
  0.6570968  0.5922739 ]]"
-407.33003995716746,34.64705882352939,8.088235294117624,-1.534667476282121,-0.002688165567887454,-0.026660348374597954,90.0,161.5,87.919865660599,178.0,161.0,87.919865660599,0.6511734036802489,0.7421437122607826,"[[0.3552083  0.14849497 0.5110988  0.27757612 0.17452557 0.
  0.3546823  0.01368093 0.         0.15932147 0.30146435 0.66353095
  0.4598253  0.         0.7344259  0.7335423  0.9357518  0.2956647
  0.31614354 0.6693034 ]]"
-407.28745192785647,33.80882352941177,10.04411764705884,-1.5190497350850614,0.015998634876343527,-0.039714206833238896,88.5,162.5,89.83719843262156,178.5,161.5,89.83719843262156,0.6390129317963372,0.7337154575285233,"[[0.36546427 0.16717438 0.55470294 0.2959065  0.18526138 1.
  0.32982045 0.00297238 0.         0.13087878 0.38843453 0.59066266
  0.4519805  0.         0.68848974 0.74717003 0.8900313  0.52196515
  0.5176842  0.71020806]]"
-407.209441498553,32.823529411764696,10.161764705882376,-1.5388072427555815,0.005276995872054302,-0.01999733397315053,87.5,162.5,91.0046167937527,178.5,161.5,91.0046167937527,0.6310552199054686,0.727298808462671,"[[0.37533507 0.09966645 0.44194746 0.27138078 0.20185629 1.
  0.35933536 0.01054856 0.         0.19891727 0.43927407 0.4236538
  0.5141487  0.         0.6300772  0.7633644  0.9506054  0.8617539
  0.7110023  0.6987361 ]]"
-407.1684779582453,31.95588235294116,10.352941176470608,-1.534521922937848,-0.005304990021269801,-0.026137836883353204,87.5,162.5,89.8347247882342,177.0,162.0,89.8347247882342,0.6345286946471219,0.7344961094493285,"[[0.41630015 0.10434781 0.57162064 0.26768684 0.1858014  0.
  0.3488285  0.00163384 0.         0.13603061 0.43486524 0.48193124
  0.5039013  0.         0.610193   0.7369897  0.8199652  0.746571
  0.69201326 0.75597733]]"
-407.1635078440426,29.426470588235304,9.617647058823536,-1.5424638293773545,-0.010609681463534935,-0.01986493625116497,87.0,163.0,88.91982968444727,175.5,162.0,88.91982968444727,0.6357925369129601,0.7403570277708122,"[[4.0825135e-01 1.3696294e-01 4.2269325e-01 2.7374119e-01 2.2401272e-01
  0.0000000e+00 3.0713269e-01 7.2268001e-04 0.0000000e+00 1.6913241e-01
  3.6398575e-01 4.7772464e-01 4.9104843e-01 0.0000000e+00 4.5399573e-01
  6.7341685e-01 5.4514813e-01 5.7965267e-01 6.3006467e-01 7.5024557e-01]]"
-407.07632972643285,28.808823529411768,9.485294117647072,-1.534521922937848,-0.01319184684765936,-0.02580072510142457,85.0,163.0,91.00186963891333,176.0,162.5,91.00186963891333,0.6220565207726353,0.7296083136041119,"[[0.4121024  0.16547291 0.3534753  0.2697118  0.22902778 1.
  0.3594289  0.00406541 0.         0.17286906 0.45881614 0.42224202
  0.53114784 0.         0.63480157 0.67990726 0.63477224 0.36834928
  0.70987993 0.82367307]]"
-407.0602469126273,27.529411764705856,10.735294117647072,-1.546410917622178,-0.01312260627833557,-0.019352422415454786,86.0,163.0,89.2556020650805,175.0,162.0,89.2556020650805,0.6312601428758008,0.7384804847645746,"[[0.42070493 0.15899561 0.46276227 0.272246   0.23668882 0.
  0.3505094  0.00106954 1.         0.14052677 0.31299266 0.40536764
  0.5053949  0.         0.5658693  0.7012414  0.7376149  0.58993715
  0.42590377 0.7729767 ]]"
-407.0213846894288,25.191176470588232,11.102941176470608,-1.5304955784911152,0.0,-0.013157135472755741,85.0,163.5,89.83522725276292,174.5,162.5,89.83522725276292,0.6254411636797319,0.7367878392261545,"[[0.39613855 0.09913578 0.45245457 0.2720625  0.23749606 0.
  0.3061077  0.01604618 1.         0.13416003 0.39736414 0.66599524
  0.5835943  0.         0.7081038  0.768508   0.7518117  0.7570803
  0.8121715  0.5055655 ]]"
-406.96006754995193,23.426470588235304,10.441176470588232,-1.534521922937848,-0.01841896941863645,-0.019605330857204686,83.0,163.5,91.00381554882435,174.0,162.5,91.00381554882435,0.614751048427454,0.7303604390680608,"[[0.40511933 0.16771726 0.52701813 0.2737412  0.20775557 0.
  0.34196562 0.00395837 1.         0.16094716 0.38385475 0.44293314
  0.5038453  0.         0.6621025  0.7219209  0.65598935 0.53115743
  0.6493796  0.778903  ]]"
-406.92256541133435,23.941176470588232,9.911764705882376,-1.534667476282121,-0.013157135472755741,-0.026309717252922193,84.0,162.5,90.00138887817232,174.0,162.0,90.00138887817232,0.6218169811501563,0.7335742394693419,"[[0.4151982  0.11437235 0.36301303 0.27500004 0.22129732 0.
  0.29726675 0.01096807 0.         0.15701587 0.33634964 0.3850243
  0.49239033 0.         0.61896443 0.70624924 0.4132791  0.5738415
  0.64721906 0.6916914 ]]"
-406.8741316248216,22.941176470588232,10.25,-1.5390609532664388,-0.002652513673004345,-0.032668112401915715,83.0,162.5,90.08718770662611,173.0,162.0,90.08718770662611,0.617686992008552,0.7331003939500194,"[[0.42654258 0.12762532 0.34421343 0.27500004 0.20725349 0.
  0.3053051  0.0013284  0.         0.14038181 0.40184787 0.38904634
  0.46978474 0.         0.70021677 0.6754211  0.8986744  0.44516575
  0.68440133 0.62258804]]"
-406.75847821630424,23.558823529411768,11.117647058823536,-1.5424638293773545,-0.010553697866787287,-0.039195601927054714,82.0,162.5,92.09554971755028,174.5,161.0,92.09554971755028,0.6082301512713553,0.72061921480261,"[[0.40600523 0.14956671 0.41096342 0.29080853 0.17228693 0.
  0.299597   0.00163603 0.         0.10796551 0.27220592 0.5296661
  0.44603756 0.         0.5959431  0.6013679  0.9257971  0.56224096
  0.3951848  0.43494713]]"
-406.6558203666208,22.691176470588232,12.676470588235304,-1.5230239371298653,0.0,-0.039978687123290044,82.5,162.5,91.42411090929764,174.0,161.5,91.42411090929764,0.6116658867106228,0.7250154318506846,"[[0.3461647  0.20171092 0.37783295 0.29094666 0.15564354 0.
  0.2608082  0.00121492 1.         0.115743   0.24998009 0.45355937
  0.53363514 0.         0.66661495 0.6962802  0.94282055 0.6808844
  0.3481866  0.32437667]]"
-406.587428828386,24.588235294117624,12.426470588235304,-1.550798992821746,0.010525927031725415,-0.04051835247834694,83.0,163.5,91.3500973057926,174.5,161.5,91.3500973057926,0.61387765617507,0.7269474870815379,"[[3.79180193e-01 1.24179021e-01 5.49483895e-01 2.33676225e-01
  1.22662894e-01 0.00000000e+00 2.46509597e-01 3.39185994e-04
  1.00000000e+00 9.95925888e-02 2.48592719e-01 4.68971729e-01
  4.74860370e-01 0.00000000e+00 7.33147204e-01 5.79873025e-01
  8.83176267e-01 5.68979084e-01 2.81687468e-01 3.51971239e-01]]"
-406.50919733000933,24.073529411764696,15.014705882352928,-1.5391863058198405,0.005263109297595382,-0.0482384111779383,83.0,164.0,91.26841518899687,174.5,162.0,91.26841518899687,0.6142989419063409,0.7289177831235248,"[[3.4096223e-01 1.2669575e-01 3.5763064e-01 2.3847906e-01 2.4188222e-01
  0.0000000e+00 2.6790637e-01 4.1727163e-04 1.0000000e+00 1.4926216e-01
  2.8741655e-01 5.4658991e-01 5.4984999e-01 1.0000000e+00 7.5741529e-01
  3.5185623e-01 9.6797884e-01 6.7567462e-01 4.8437726e-01 3.6489564e-01]]"
-406.41035085676367,24.64705882352939,15.029411764705856,-1.5502230981918703,0.0026177950673174997,-0.04857287530613261,82.5,164.0,92.26219431598187,174.5,162.5,92.26219431598187,0.6082956074720649,0.7243013386510156,"[[0.35008454 0.15228957 0.3578242  0.24528608 0.24836254 1.
  0.2913613  0.00337737 1.         0.16154636 0.31606722 0.5649198
  0.5369109  1.         0.80298835 0.44987318 0.99635625 0.75312865
  0.43395406 0.36132357]]"
-406.3126604721501,25.161764705882376,14.54411764705884,-1.5502230981918703,0.0,-0.05436813647319749,83.0,164.5,91.77364969193378,174.5,162.5,91.77364969193378,0.6117011830989016,0.7276969630249808,"[[3.5257083e-01 1.5656090e-01 3.3265707e-01 3.0372778e-01 2.1117242e-01
  1.0000000e+00 2.9137692e-01 6.7858613e-04 1.0000000e+00 1.1755824e-01
  2.7309868e-01 4.7867036e-01 5.4416281e-01 0.0000000e+00 7.8245395e-01
  6.3264090e-01 9.2383534e-01 7.8878725e-01 4.3394402e-01 3.6557534e-01]]"
-406.21663143407477,24.558823529411768,15.191176470588232,-1.522054475484965,0.005249295616526529,-0.05258306161094172,82.5,164.0,91.84184019885008,174.5,162.5,91.84184019885008,0.6104388057466171,0.7265681832549097,"[[3.70441228e-01 1.17960766e-01 4.80758011e-01 2.99400568e-01
  1.73395723e-01 0.00000000e+00 2.75401205e-01 3.46919231e-04
  1.00000000e+00 1.18682064e-01 2.90481448e-01 5.30544758e-01
  4.62712526e-01 0.00000000e+00 7.98101127e-01 7.26669788e-01
  8.56821835e-01 5.85391104e-01 6.63834453e-01 4.28642780e-01]]"
-406.121558069256,24.073529411764696,14.088235294117624,-1.5339277949731631,0.0026666603457059816,-0.03204031354746701,82.5,165.0,91.6867023558427,174.5,163.0,91.6867023558427,0.6112331170426091,0.7296847570469771,"[[0.3281586  0.13453934 0.37851274 0.30132133 0.19676721 0.
  0.27837786 0.00131172 1.         0.10242912 0.36831105 0.47372174
  0.5593473  0.         0.7192667  0.70192903 0.9881253  0.7951993
  0.431189   0.33267573]]"
-406.00648819367547,24.04411764705884,15.235294117647072,-1.5428036406880827,-0.010553697866787287,-0.0386903600854934,82.0,164.5,92.26505447772618,174.5,163.0,92.26505447772618,0.607368123878759,0.7258038812123894,"[[0.40579    0.12024526 0.5064863  0.30105874 0.18539062 1.
  0.28394437 0.00140555 1.         0.09590258 0.3863007  0.4546363
  0.49668464 0.         0.7505252  0.6926157  0.9554877  0.75560075
  0.7236623  0.42888716]]"
-405.97721200146617,24.485294117647072,18.35294117647061,-1.5397985069126623,-0.015746729849868822,-0.026483872597730617,84.0,165.5,90.02607646923444,174.0,163.0,90.02607646923444,0.6216871282818232,0.7395341707501897,"[[0.37672928 0.13154335 0.39600825 0.3008484  0.14098264 0.
  0.32089242 0.00743265 1.         0.15357336 0.28584352 0.50027335
  0.48811695 0.         0.7681219  0.44584122 0.970867   0.79355913
  0.48379418 0.5861152 ]]"
-405.86438238014273,23.60294117647061,19.25,-1.5466074971360604,-0.005221884650776543,-0.04726207600069217,82.0,165.5,92.11081791938327,174.0,163.5,92.11081791938327,0.6072377768677456,0.72890424846748,"[[3.7931743e-01 1.2512356e-01 6.5474337e-01 3.0105874e-01 2.4593642e-01
  0.0000000e+00 2.7115276e-01 7.0652505e-04 1.0000000e+00 2.2205770e-01
  3.4606719e-01 4.0010929e-01 6.0625881e-01 1.0000000e+00 7.4803966e-01
  7.2528911e-01 9.0217102e-01 7.5237066e-01 6.9524157e-01 4.5659167e-01]]"
-405.7634598828517,24.45588235294116,19.617647058823536,-1.5462111174250366,-0.028563657838759995,-0.032882879805511994,82.5,166.0,92.02750947406976,174.5,164.0,92.02750947406976,0.6094905377799616,0.7308619927055203,"[[0.37755495 0.14203359 0.52165145 0.29914546 0.20064797 1.
  0.25634235 0.00167284 1.         0.11967441 0.36355913 0.52656054
  0.5053994  0.         0.74996346 0.76868844 0.91244966 0.67882466
  0.77116716 0.39328542]]"
-405.6422608964439,24.0,19.0,-1.5585018643167443,-0.026035782182387602,-0.05293064588613407,82.0,166.5,92.38480063781536,174.5,163.5,92.38480063781536,0.6067604331749503,0.7289364562064846,"[[0.38176012 0.11543062 0.5353945  0.29914546 0.16568525 1.
  0.23104437 0.00298393 1.         0.1148279  0.33698457 0.7211079
  0.5270883  0.         0.7496768  0.75621307 0.7778239  0.7262641
  0.8432684  0.5511851 ]]"
-405.52354387621926,23.029411764705856,18.764705882352928,-1.5500524147771286,-0.01799291665444612,-0.05293064588613407,81.5,166.0,92.77156083628215,174.0,164.0,92.77156083628215,0.6029790934282543,0.7268614213256098,"[[0.39864233 0.1586124  0.4873797  0.29544204 0.14927694 1.
  0.2903262  0.00188539 1.         0.0995536  0.32093304 0.6190434
  0.572711   0.         0.72662514 0.7576749  0.9047555  0.7208276
  0.74124455 0.77786326]]"
-405.4163174933774,22.882352941176464,19.838235294117624,-1.5376134906283982,-0.010362323390277314,-0.033544459561678404,81.5,166.5,91.86512607561635,173.5,164.0,91.86512607561635,0.6066554488114857,0.732492571365653,"[[0.39530757 0.11087503 0.6394798  0.25101912 0.1365489  1.
  0.3491117  0.00986522 1.         0.1077046  0.28690678 0.7028944
  0.4955489  0.         0.7609927  0.7582784  0.7611417  0.6765231
  0.23829624 0.6487597 ]]"
-405.3712997466735,24.014705882352928,19.411764705882376,-1.5386788606912614,-0.007792050087557582,-0.039714206833238896,83.5,166.0,90.51856776988417,174.0,164.0,90.51856776988417,0.618190013640953,0.7390861732408297,"[[0.40052405 0.15210006 0.4957447  0.23290339 0.11841038 1.
  0.28292978 0.00756503 0.         0.07644952 0.28853354 0.62035704
  0.47548446 0.         0.6837337  0.7147921  0.93396264 0.61759853
  0.36112234 0.7401161 ]]"
-405.32732590823025,25.808823529411768,18.64705882352939,-1.546311425034704,-0.010525927031725415,-0.039714206833238896,84.0,166.5,90.51384946208202,174.5,164.5,90.51384946208202,0.6200464517485745,0.7406187161082866,"[[0.35558704 0.14148085 0.41192132 0.23074065 0.13640288 0.
  0.29665548 0.00799451 1.         0.08385127 0.24724863 0.5237487
  0.48774284 0.         0.66898626 0.7527373  0.94428885 0.66342866
  0.29974973 0.7457414 ]]"
-405.21381449419226,26.176470588235304,17.514705882352928,-1.554131203080956,-0.0052082862390718685,-0.033320995878247196,82.5,166.0,92.59833361831565,175.5,164.0,92.59833361831565,0.6084113595219603,0.7277896203844196,"[[0.35190487 0.19449551 0.45371473 0.28855145 0.13786869 1.
  0.32720485 0.00480644 1.         0.07518666 0.25393116 0.6513243
  0.4553104  0.         0.6734368  0.7311638  0.87288344 0.68087673
  0.3335006  0.7333774 ]]"
-405.0915864368026,26.132352941176464,17.764705882352928,-1.5413930385908916,-0.018227147869837902,-0.026309717252922193,83.0,166.0,93.10306415771478,176.0,164.5,93.10306415771478,0.6076764122311871,0.7258420932089765,"[[0.383966   0.15170974 0.4469803  0.29538238 0.1140545  1.
  0.30214906 0.00492757 1.         0.05298823 0.25697178 0.6065582
  0.57336    0.         0.73460543 0.7546353  0.74066913 0.616701
  0.4451095  0.79337925]]"
-404.9908696295292,26.764705882352928,17.95588235294116,-1.5212501322037715,0.0051679126488049995,-0.032668112401915715,84.0,166.0,92.51216136270949,176.5,164.5,92.51216136270949,0.6133797448702907,0.7290042047776669,"[[0.38464782 0.12671377 0.5232195  0.28901693 0.16827616 1.
  0.32109317 0.00277842 0.         0.06845772 0.26149184 0.60708857
  0.48334372 0.         0.73246837 0.70928025 0.7165494  0.61095846
  0.6093353  0.7711651 ]]"
-404.89158004450877,27.20588235294116,17.367647058823536,-1.533313890103235,-0.0052082862390718685,-0.03245613122901935,84.0,165.5,92.34551664506752,176.5,164.0,92.34551664506752,0.6142286527545882,0.7283944695724092,"[[0.38297543 0.14939515 0.54793733 0.29538238 0.11544248 0.
  0.31208146 0.0040017  1.         0.07913694 0.32831436 0.6314395
  0.47209135 0.         0.7370359  0.73775953 0.92381483 0.7309061
  0.5168626  0.7745126 ]]"
-404.7837682569076,26.838235294117624,17.073529411764696,-1.533157207595508,-0.0025906677793069554,-0.032668112401915715,84.0,166.0,92.34295978699308,176.0,164.5,92.34295978699308,0.613337104861362,0.7299138023820072,"[[3.39875191e-01 1.41027719e-01 2.66636401e-01 2.92295456e-01
  1.61641613e-01 1.00000000e+00 2.67213106e-01 2.23864990e-04
  1.00000000e+00 1.16084866e-01 3.63888234e-01 5.41943073e-01
  4.89393055e-01 0.00000000e+00 7.52033174e-01 7.01645911e-01
  8.60271573e-01 5.08379519e-01 7.27345109e-01 4.30705398e-01]]"
-404.6674316368586,27.911764705882376,16.95588235294116,-1.5371955323789035,-0.010443484535553407,-0.039978687123290044,84.5,165.5,92.43484942860506,177.0,163.5,92.43484942860506,0.6155784462873988,0.7271599575952601,"[[0.37936032 0.11311293 0.38823864 0.29793882 0.15674193 1.
  0.26751438 0.00271457 1.         0.12995723 0.4735072  0.36066774
  0.5163987  0.         0.73134714 0.7843042  0.6562953  0.38990855
  0.7286477  0.5640064 ]]"
-404.5717811024753,26.60294117647061,17.70588235294116,-1.534521922937848,-0.007894572830160193,-0.031836373427114574,84.0,165.5,92.34295978699309,176.5,164.0,92.34295978699309,0.614241693633432,0.7284082238872273,"[[0.34246024 0.1267332  0.46415046 0.29952013 0.15373804 1.
  0.3360379  0.00127118 1.         0.10885423 0.3578632  0.50662804
  0.5785913  0.         0.7819729  0.751283   0.966556   0.8096168
  0.59923756 0.63832694]]"
-404.5444355370579,27.60294117647061,18.338235294117624,-1.534811866712845,0.005249295616526529,-0.01257795301228264,86.0,165.0,90.00651982557216,176.0,164.0,90.00651982557216,0.6290920725245149,0.7403996702993181,"[[0.35031325 0.13916531 0.62169844 0.22222556 0.11241622 0.
  0.33650672 0.00627633 1.         0.08926898 0.3618958  0.55820155
  0.4853048  0.         0.75193596 0.7039882  0.9204595  0.60499126
  0.33442062 0.7194442 ]]"
-404.4603450158791,28.308823529411768,17.735294117647072,-1.534667476282121,-0.010498301959216628,-0.031836373427114574,84.5,165.5,91.84184019885005,176.5,164.0,91.84184019885005,0.6177119904666326,0.7311121434220155,"[[3.3572456e-01 1.4821489e-01 5.2075684e-01 2.8777161e-01 1.6029865e-01
  1.0000000e+00 3.5777265e-01 2.6680913e-04 1.0000000e+00 1.1932477e-01
  3.8967621e-01 5.6134152e-01 5.9085280e-01 0.0000000e+00 7.0504856e-01
  7.9493088e-01 8.9181131e-01 7.9605985e-01 4.5102748e-01 6.9742262e-01]]"
-404.38654534648197,28.279411764705856,17.75,-1.530976748659922,0.002652513673004345,-0.031239833430268277,85.0,165.5,91.51229425601785,176.5,164.0,91.51229425601785,0.6203151513852441,0.7328992260657649,"[[0.3466915  0.21246596 0.58821344 0.22244129 0.11712402 1.
  0.30119088 0.00183464 1.         0.12833706 0.28217232 0.6847336
  0.49602616 0.         0.7184214  0.6672296  0.9607577  0.79249334
  0.32508892 0.77028036]]"
-404.30439274056283,28.779411764705856,16.911764705882376,-1.5388072427555815,-0.013157135472755741,-0.031045922244023142,84.5,165.0,92.33788346189348,177.0,164.0,92.33788346189348,0.6160733393879726,0.7276812185897725,"[[0.29993284 0.1017608  0.57822627 0.23427022 0.14670208 0.
  0.42588502 0.00778729 1.         0.13180706 0.2764913  0.65934086
  0.54316074 0.         0.7779968  0.61898494 0.7221687  0.87823176
  0.46745402 0.80434775]]"
-404.1952063313579,28.588235294117624,16.838235294117624,-1.542348718624874,-0.0051813007842385775,-0.03204031354746701,84.0,165.0,93.00537618869136,177.00000000000003,164.0,93.00537618869136,0.6117804510998217,0.7241052981299244,"[[3.3739805e-01 1.4719068e-01 4.5522651e-01 2.5594401e-01 2.0304222e-01
  1.0000000e+00 3.2872924e-01 6.7563320e-04 1.0000000e+00 1.2553929e-01
  5.1250261e-01 4.4154054e-01 5.4024750e-01 1.0000000e+00 7.3668176e-01
  6.4709938e-01 9.5362437e-01 8.2554770e-01 5.8953667e-01 7.4400842e-01]]"
-404.1245554804123,29.073529411764696,18.514705882352928,-1.5228331399178199,0.0,-0.01910595511844083,85.5,165.5,91.92210621559491,177.5,164.5,91.92210621559491,0.620907237175742,0.7314316238214209,"[[0.39264888 0.08722409 0.46421447 0.29314792 0.16671138 1.
  0.3656958  0.03696372 1.         0.11805857 0.2922201  0.6082958
  0.5472809  0.         0.810148   0.6913479  0.98362595 0.8529121
  0.3193774  0.7127129 ]]"
-404.0271491453337,30.132352941176464,16.04411764705884,-1.5376134906283982,0.0,-0.03945320109703948,85.5,165.0,92.4212126925175,178.0,164.5,92.4212126925175,0.619244631399694,0.7279874637511529,"[[0.38165745 0.08056648 0.45267832 0.2905545  0.13864607 0.
  0.30126402 0.00157567 1.         0.0964988  0.34660196 0.54969877
  0.50703096 0.         0.7714226  0.7236818  0.9141777  0.8031238
  0.79339004 0.6333051 ]]"
-403.949126780503,28.588235294117624,15.882352941176464,-1.5212501322037715,0.002638516304510536,-0.019478055816527538,85.0,165.5,92.41970989879688,177.5,165.0,92.41970989879688,0.61745628954653,0.7295009780223638,"[[3.7969962e-01 1.0810868e-01 3.1117576e-01 2.9057783e-01 1.3946331e-01
  0.0000000e+00 2.8958991e-01 6.2607095e-04 1.0000000e+00 9.0244755e-02
  5.0435907e-01 3.6670363e-01 5.2456766e-01 0.0000000e+00 7.1052414e-01
  7.6177883e-01 7.9151911e-01 7.6003122e-01 6.9018853e-01 6.9936311e-01]]"
-403.87200579918357,29.676470588235304,15.70588235294116,-1.5296672704173446,0.0,-0.026309717252922193,85.5,165.0,91.92123742035291,177.5,164.0,91.92123742035291,0.620911709486438,0.7299279477628778,"[[0.36144722 0.20572494 0.498859   0.29174238 0.18787095 1.
  0.3241296  0.00111785 1.         0.10197824 0.43686152 0.41677305
  0.5401641  0.         0.6838884  0.7596321  0.8168848  0.44120827
  0.7815525  0.72143155]]"
-403.80482863977994,30.39705882352939,14.720588235294144,-1.529835643260581,0.010525927031725415,-0.04571975139628839,85.5,165.0,91.92305054893589,177.5,164.0,91.92305054893589,0.6209023760798374,0.7299181460971239,"[[4.3913418e-01 1.3593611e-01 4.0741041e-01 2.9999188e-01 1.8119264e-01
  1.0000000e+00 2.9337671e-01 1.5011699e-04 1.0000000e+00 9.0250984e-02
  4.5529073e-01 5.4178536e-01 5.0775075e-01 0.0000000e+00 7.0582008e-01
  7.3070842e-01 8.5007346e-01 7.9586720e-01 7.1795100e-01 6.7964828e-01]]"
-403.7204062143586,30.161764705882376,14.882352941176464,-1.5212501322037715,0.007812341060101111,-0.032668112401915715,86.0,165.0,91.92305054893589,178.0,163.5,91.92305054893589,0.6226992416668814,0.7291624302207249,"[[0.37935737 0.2212963  0.56749696 0.29018813 0.19201928 1.
  0.3316379  0.00145848 1.         0.0913624  0.584425   0.29200578
  0.530487   0.         0.716112   0.7672702  0.64460063 0.39240173
  0.57467973 0.7375054 ]]"
-403.6548493884327,30.411764705882376,16.323529411764696,-1.5296672704173446,0.0026246658889989565,-0.04571975139628839,86.5,165.0,91.59303861223418,178.0,164.0,91.59303861223418,0.6253018476347662,0.7317057137200035,"[[0.38284597 0.13547027 0.63909453 0.28951037 0.18191795 1.
  0.35653037 0.00179967 1.         0.10357187 0.53475565 0.4104439
  0.51563615 0.         0.7531925  0.7603445  0.87509215 0.69707745
  0.5315602  0.70242774]]"
-403.57223034742896,29.529411764705856,17.323529411764696,-1.525744863678922,0.005194758466555717,-0.0466328343200658,85.5,165.5,92.25541989498502,177.99999999999997,164.5,92.25541989498502,0.620093512588461,0.7296327662380152,"[[0.38272753 0.13540468 0.5304623  0.2905545  0.22906846 0.
  0.35636088 0.00230908 0.         0.17080066 0.60286653 0.57869726
  0.60118365 1.         0.87347585 0.7164958  0.9682804  0.80013216
  0.5434951  0.7288204 ]]"
-403.4725751810016,31.04411764705884,17.514705882352928,-1.5373360163452465,-0.0076921559756488326,-0.06329561818862353,85.5,166.0,92.94001948688316,178.5,164.0,92.94001948688316,0.6174959215264264,0.7259606280950396,"[[3.97893906e-01 1.06785506e-01 5.36797404e-01 2.91859567e-01
  2.18189955e-01 1.00000000e+00 3.92797649e-01 7.31271284e-04
  1.00000000e+00 1.80180594e-01 4.17594075e-01 3.78573298e-01
  5.31791151e-01 1.00000000e+00 7.45413959e-01 6.09597445e-01
  9.78514612e-01 8.66689801e-01 6.20310247e-01 7.13906586e-01]]"
-403.39190734712355,30.0,19.279411764705856,-1.5249950470133227,-0.0025906677793069554,-0.0407936828678654,86.0,166.5,92.17303323399722,178.0,165.0,92.17303323399722,0.6214131654809534,0.7323309950094096,"[[0.34469178 0.13425921 0.5934208  0.27980965 0.17548153 1.
  0.34687278 0.00124309 1.         0.11396993 0.4063671  0.45580432
  0.5316905  1.         0.84069425 0.74882823 0.93081015 0.56729174
  0.6128308  0.6932425 ]]"
-403.30347895872745,30.264705882352928,18.367647058823536,-1.5374753309166493,0.007792050087557582,-0.039714206833238896,86.0,166.5,92.3387483370034,178.0,165.5,92.3387483370034,0.6205631559199385,0.732187262494322,"[[0.38396677 0.14414126 0.47907287 0.29148465 0.20386271 1.
  0.32721975 0.00117789 1.         0.12493143 0.5517286  0.5010955
  0.5420858  0.         0.7481542  0.74819714 0.7408818  0.67031527
  0.6812119  0.66626704]]"
-403.2158322921849,31.191176470588232,17.235294117647072,-1.5493403923975437,0.0025973967563004815,-0.04513062505474905,86.0,166.5,92.5121613627095,178.5,165.0,92.5121613627095,0.6205706778884871,0.7305054349864176,"[[0.3581188  0.11943369 0.46617782 0.2930506  0.19434457 1.
  0.26266223 0.0015295  0.         0.14124735 0.49444818 0.4282027
  0.5157479  0.         0.7928668  0.7194551  0.7019301  0.6287527
  0.47155783 0.60452294]]"
-403.11186969161184,30.426470588235304,18.323529411764696,-1.5411440036066237,-0.0025706884246427695,-0.0386903600854934,86.0,167.0,92.75958321261356,178.5,165.5,92.75958321261356,0.6193076795162097,0.7306749819230873,"[[0.3260717  0.10981653 0.40268302 0.23659262 0.23903823 0.
  0.28817132 0.05195387 1.         0.16424794 0.40306884 0.5317093
  0.6021066  1.         0.8201653  0.8263282  0.71600395 0.868893
  0.28788707 0.4490384 ]]"
-403.00891126280186,30.823529411764696,18.691176470588232,-1.5415159944491186,0.005101996546915073,-0.044841715078883806,85.5,167.0,92.84982648221686,178.5,165.0,92.84982648221686,0.6179543369960683,0.7294439153994169,"[[0.3100535  0.10299911 0.39702865 0.2387932  0.21351366 1.
  0.2859019  0.01101218 1.         0.10678397 0.373955   0.6744723
  0.55945045 0.         0.7762911  0.76434964 0.6809396  0.9002522
  0.48315096 0.45589033]]"
-402.9073512157676,30.720588235294144,20.279411764705856,-1.5328398816065822,-0.00515459352254047,-0.03795644518831435,85.5,167.0,92.83965418337624,178.5,166.0,92.83965418337624,0.6180060759125525,0.7309929752592224,"[[0.29149997 0.12468877 0.5767892  0.23429473 0.1736752  1.
  0.29835007 0.00187172 1.         0.14240977 0.34738606 0.6826989
  0.58680207 0.         0.8132821  0.84868896 0.9033597  0.6004132
  0.71392494 0.4483539 ]]"
-402.8239767784399,31.382352941176464,21.25,-1.5459052030905958,-0.002583973577155539,-0.04513062505474905,85.5,167.0,92.75303229544575,178.5,166.5,92.75303229544575,0.6184469623116299,0.7322028559603567,"[[0.3436003  0.08734721 0.43810144 0.23358567 0.16456026 0.
  0.29486498 0.09364589 1.         0.13787417 0.31475222 0.45998448
  0.46529877 0.         0.6756467  0.75057954 0.70506    0.7225236
  0.5138365  0.42151234]]"
-402.758202891454,31.529411764705856,22.20588235294116,-1.5253730473733196,0.005141342873259431,-0.039195601927054714,86.5,167.5,91.59428960851704,178.0,166.0,91.59428960851704,0.6252953656820452,0.7384570586971172,"[[0.36308974 0.1055347  0.6425201  0.23611924 0.122601   0.
  0.32653838 0.01783232 1.         0.1034501  0.32780662 0.46303016
  0.56983334 0.         0.8159899  0.8508805  0.9169556  0.45640355
  0.84977335 0.4298811 ]]"
-402.65964300739535,31.029411764705856,21.823529411764696,-1.5294975084252904,-0.0025906677793069554,-0.02531104914284831,85.5,167.5,92.67299888436881,178.5,166.5,92.67299888436881,0.6188548009862314,0.7333770092412064,"[[0.36889744 0.07984794 0.55288935 0.23659262 0.13784643 0.
  0.29558462 0.0017505  1.         0.08638532 0.35408968 0.5714764
  0.5482812  0.         0.8211532  0.84863734 0.89264584 0.71754915
  0.78135437 0.47333902]]"
-402.5872068095726,30.911764705882376,20.39705882352939,-1.525744863678922,0.012787026812288783,-0.03894134309703925,86.0,167.0,91.92407041804786,178.0,166.0,91.92407041804786,0.6226939854064052,0.7359217115804,"[[0.31556398 0.0808145  0.520692   0.23187524 0.13709608 1.
  0.31411764 0.00999034 1.         0.06774337 0.31475013 0.6173156
  0.5409278  0.         0.7885124  0.85928893 0.66488165 0.6861137
  0.77109003 0.4011561 ]]"
-402.5156200242167,31.529411764705856,20.85294117647061,-1.5216555923788764,0.0,-0.03245613122901935,86.0,167.0,92.41970989879688,178.5,166.0,92.41970989879688,0.6210437574181432,0.7332469115917597,"[[0.41144753 0.08609261 0.76078314 0.22777602 0.12822111 0.
  0.30921754 0.0058302  1.         0.0758495  0.40197003 0.6410374
  0.5443705  0.         0.8237054  0.8255826  0.6173985  0.58181715
  0.78120464 0.468073  ]]"
-402.44470840329006,31.39705882352939,20.367647058823536,-1.5336233758312197,0.0077718642432200976,-0.026137836883353204,86.0,167.0,92.17303323399722,178.5,166.0,92.17303323399722,0.6223090846336224,0.7345761625213169,"[[0.36579582 0.10231151 0.3990505  0.23429473 0.1404672  0.
  0.31090736 0.0057127  1.         0.08047835 0.2938492  0.69492006
  0.53492606 0.         0.76219696 0.83096117 0.61719006 0.61663866
  0.8152354  0.45316726]]"
-402.3581059980256,30.338235294117624,19.264705882352928,-1.516456569582128,0.0,-0.03204031354746701,86.0,166.5,92.67120042866009,178.5,165.5,92.67120042866009,0.6197583284110241,0.730400829799033,"[[0.32694075 0.09752906 0.59927684 0.23429473 0.1285939  1.
  0.30547747 0.00326463 1.         0.0838061  0.32517147 0.5638571
  0.5649374  0.         0.7957798  0.86052907 0.80505407 0.6019773
  0.78064525 0.43260187]]"
-402.28058756529947,31.338235294117624,19.5,-1.5246107071360189,-0.0077718642432200976,-0.03844259002118798,85.5,166.5,92.42301601272753,177.99999999999997,165.5,92.42301601272753,0.6192354092606815,0.7317337765128729,"[[0.36735097 0.15476158 0.53977776 0.23338543 0.12522909 1.
  0.28001246 0.00255215 1.         0.09164341 0.32116956 0.49841496
  0.5140189  0.         0.78001505 0.8340826  0.81421673 0.8111815
  0.6971107  0.7547321 ]]"
-402.195827754541,30.985294117647072,18.632352941176464,-1.536910996890779,-0.002583973577155539,-0.03844259002118798,85.5,166.5,92.50454193053322,178.0,165.5,92.50454193053322,0.6188187366951494,0.7312954807345764,"[[3.8153636e-01 8.3746918e-02 4.9317923e-01 2.9294655e-01 1.5518750e-01
  0.0000000e+00 3.6344612e-01 3.3494626e-04 1.0000000e+00 9.4250597e-02
  4.0254015e-01 5.8375901e-01 5.0052184e-01 0.0000000e+00 7.3803622e-01
  8.0942065e-01 8.1392145e-01 7.7588052e-01 8.7293315e-01 7.7199137e-01]]"
-402.1199570002458,30.691176470588232,18.882352941176464,-1.513009496023959,0.0051813007842385775,-0.032668112401915715,86.0,166.5,92.0045666137164,178.0,165.5,92.0045666137164,0.6222793620898295,0.7339901743203489,"[[0.38353968 0.09655116 0.61288476 0.2857049  0.1830373  1.
  0.27553743 0.00472845 1.         0.10764567 0.61134267 0.45001075
  0.512774   0.         0.77676475 0.8035835  0.61261076 0.6872346
  0.79464877 0.6774078 ]]"
-402.0608425651732,30.85294117647061,17.45588235294116,-1.5384189812162212,0.0,-0.03224688243525392,86.0,166.0,92.34070367695686,178.0,165.0,92.34070367695686,0.6205531383624187,0.7306772169347623,"[[0.40529045 0.09011739 0.50881946 0.2903207  0.17811657 0.
  0.38944992 0.00873629 1.         0.15563835 0.5677921  0.47129467
  0.50544024 0.         0.706911   0.8077251  0.13068473 0.6676232
  0.84028375 0.75052667]]"
-402.0344414066397,31.485294117647072,17.45588235294116,-1.5300026439270311,-0.005263109297595382,-0.032882879805511994,87.0,166.0,90.83715588287036,178.0,165.0,90.83715588287036,0.6301386484385579,0.7388433797940146,"[[0.4085331  0.10195387 0.51971155 0.29057783 0.18846855 0.
  0.38203898 0.00367177 0.         0.14260572 0.58782357 0.4438775
  0.5459284  0.         0.74935967 0.8441852  0.5893783  0.56632406
  0.75196546 0.84744155]]"
-401.99238328966055,30.676470588235304,17.029411764705856,-1.5216555923788764,0.0026109601243552052,-0.019605330857204686,86.5,166.0,91.33793327832393,178.0,165.0,91.33793327832393,0.626626094376231,0.7361071132528291,"[[0.3755978  0.1522954  0.48933452 0.2930506  0.13851404 1.
  0.28100443 0.00108    1.         0.12018997 0.43529832 0.43126
  0.45577845 0.         0.65975946 0.7261848  0.71341324 0.3623361
  0.58676547 0.53703815]]"
-401.9349082498135,29.661764705882376,16.161764705882376,-1.5262913207607618,-0.015746729849868822,-0.02580072510142457,86.0,166.0,91.92305054893588,178.0,164.5,91.92305054893588,0.6226992416668814,0.7321791747354874,"[[0.37458882 0.14495534 0.59101844 0.29805264 0.13894866 0.
  0.24822691 0.00257193 0.         0.09545808 0.45714864 0.3982695
  0.4759555  0.         0.71648514 0.7675564  0.26191187 0.4473553
  0.67241275 0.5166803 ]]"
-401.862331480381,29.64705882352939,15.808823529411768,-1.517567965208995,-0.0026246658889989565,-0.019605330857204686,85.5,165.0,92.58427092234525,178.0,164.5,92.58427092234525,0.6184117191270398,0.7271119862549877,"[[0.35204005 0.14136016 0.6268658  0.23917577 0.15455362 0.
  0.2779627  0.00385925 0.         0.12370494 0.53343743 0.5195583
  0.49129778 0.         0.7392816  0.7774044  0.32563025 0.46890756
  0.755606   0.7809586 ]]"
-401.81391902845314,30.808823529411768,16.39705882352939,-1.530332595247236,-0.0052082862390718685,-0.01973427992160925,86.0,165.0,91.83639589569654,178.0,164.0,91.83639589569654,0.6231461286505285,0.7303868362317787,"[[0.34704304 0.16266279 0.5527751  0.30032268 0.15167704 0.
  0.28464842 0.00336944 0.         0.14733493 0.3322562  0.57069016
  0.47080386 0.         0.66711605 0.7784473  0.37776747 0.29112813
  0.63734585 0.50463456]]"
-401.7658788050529,30.573529411764696,15.485294117647072,-1.5343751925803897,-0.0026315728726500165,-0.012819810472900582,86.0,165.0,91.6730679583098,177.5,164.0,91.6730679583098,0.6230913057882972,0.7312715656275586,"[[0.37528723 0.13547024 0.48520812 0.2758352  0.17828304 1.
  0.2803482  0.0033988  0.         0.18380328 0.4559274  0.59718126
  0.4858614  0.         0.7354309  0.6883089  0.39631325 0.5419598
  0.56554246 0.47094405]]"
-401.71066044906684,30.514705882352928,15.279411764705856,-1.5301682891135235,-0.002604160779812124,-0.03245613122901935,86.0,165.0,92.17043391939136,177.99999999999997,164.0,92.17043391939136,0.6214265143545528,0.7285828174746286,"[[0.37243566 0.16539137 0.5437999  0.29106933 0.16782682 0.
  0.30395138 0.00270108 0.         0.09829838 0.49781117 0.3748361
  0.50061905 0.         0.696595   0.6796835  0.4481431  0.4073227
  0.70895225 0.46735212]]"
-401.66370409440094,31.10294117647061,16.264705882352928,-1.534521922937848,-0.002604160779812124,-0.032668112401915715,86.0,165.0,92.1740503371505,177.99999999999997,164.0,92.1740503371505,0.6214079422466228,0.7285633263169855,"[[0.37098187 0.13921236 0.682961   0.29831296 0.17850259 0.
  0.2847117  0.00751025 0.         0.09082197 0.5299662  0.57704204
  0.49787346 0.         0.68896234 0.73609036 0.20347142 0.32841492
  0.78160596 0.4855601 ]]"
-401.62488615637886,30.588235294117624,15.95588235294116,-1.5306572547491646,-0.002638516304510536,-0.03245613122901935,86.0,165.0,91.92210621559491,178.0,164.0,91.92210621559491,0.6227041086953496,0.7299232510804499,"[[0.3747788  0.17189424 0.54102147 0.29304984 0.18217146 1.
  0.28863215 0.00622011 0.         0.09624992 0.60031796 0.6029446
  0.5328156  0.         0.6535452  0.78606176 0.10667701 0.40383765
  0.5550868  0.45405942]]"
-401.57115878199517,31.161764705882376,15.220588235294144,-1.5385494443596428,0.0,-0.02563540852167748,86.5,165.0,92.08970566186477,178.5,164.0,92.08970566186477,0.6236325515910544,0.7290181347325162,"[[0.3715913  0.17112537 0.56720924 0.2948724  0.16910619 1.
  0.27409476 0.00724491 0.         0.12850265 0.4198714  0.65855545
  0.46184087 0.         0.6749772  0.5742373  0.69410545 0.30865413
  0.5335226  0.50284743]]"
-401.51795243973993,31.485294117647072,15.720588235294144,-1.5425780125593067,-0.010470821504696826,-0.01973427992160925,86.0,165.5,92.33788346189348,178.5,164.5,92.33788346189348,0.6214629906092805,0.7291888328452562,"[[0.36456296 0.15926376 0.47452053 0.30058414 0.16810249 0.
  0.27043918 0.00161449 0.         0.09517747 0.54660124 0.44931594
  0.49881965 0.         0.7051742  0.63995105 0.4579617  0.46895683
  0.6125172  0.5335914 ]]"
-401.45759033884,30.14705882352939,15.45588235294116,-1.5306572547491646,0.0,-0.019228399099707208,86.0,165.0,92.67120042866007,178.5,164.0,92.67120042866007,0.6197583284110242,0.7258919569011715,"[[0.3824791  0.15729667 0.56105787 0.29262635 0.1636245  0.
  0.2741235  0.02282148 0.         0.10631049 0.4293866  0.38922933
  0.45731786 0.         0.6924006  0.6723062  0.69591784 0.33923903
  0.710731   0.4483349 ]]"
-401.4204994573048,30.691176470588232,15.470588235294144,-1.5343751925803897,-0.0026315728726500165,-0.019605330857204686,86.0,165.0,91.91908428370877,178.0,164.5,91.91908428370877,0.6227196839658947,0.7306942865906224,"[[0.36553624 0.14974064 0.45400143 0.29214016 0.19162916 1.
  0.26812083 0.00154448 0.         0.15290071 0.73190403 0.35818383
  0.53141    0.         0.7688533  0.7409854  0.29366884 0.46882704
  0.72061723 0.5582942 ]]"
-401.3837603649636,30.676470588235304,17.588235294117624,-1.530332595247236,-0.010498301959216628,-0.026483872597730617,86.0,165.5,91.42046482538191,177.5,164.5,91.42046482538191,0.6243994674404916,0.7341525853582673,"[[0.41470286 0.15913872 0.4278093  0.29188296 0.16420077 0.
  0.31594595 0.0041467  0.         0.12299201 0.5794664  0.42057943
  0.54609513 0.         0.7413488  0.73709226 0.65362084 0.53222996
  0.56745017 0.7539781 ]]"
-401.33235293966334,29.529411764705856,16.70588235294116,-1.5343751925803897,-0.007936341307466063,-0.026137836883353204,85.5,165.5,92.25541989498502,177.99999999999997,164.5,92.25541989498502,0.620093512588461,0.7296327662380152,"[[0.37424877 0.20082079 0.4933172  0.29007125 0.20223412 1.
  0.31570542 0.00615636 0.         0.14149967 0.73444235 0.46463203
  0.5669245  1.         0.80711776 0.7631112  0.40761924 0.7439394
  0.743641   0.7700348 ]]"
-401.28907036427665,28.382352941176464,16.85294117647061,-1.5177848161956042,0.010470821504696826,-0.032668112401915715,85.5,165.0,91.33394160381391,177.0,164.5,91.33394160381391,0.6230457542359424,0.73386937731733,"[[0.40845633 0.25382227 0.61555    0.29370055 0.20636061 0.
  0.36497307 0.00552744 0.         0.12012091 0.65330625 0.59091556
  0.5133775  0.         0.78335154 0.7391028  0.7853777  0.65715176
  0.59601927 0.8137342 ]]"
-401.2756193325373,28.85294117647061,17.514705882352928,-1.526824688523861,-0.005263109297595382,-0.026309717252922193,86.0,165.5,90.67313855577933,177.0,164.5,90.67313855577933,0.627394749913186,0.7382368185097045,"[[4.1908851e-01 1.7029844e-01 4.7780553e-01 2.9057783e-01 1.8523745e-01
  1.0000000e+00 3.7879953e-01 6.4085791e-04 0.0000000e+00 1.1467660e-01
  5.1961535e-01 4.4867432e-01 5.1385343e-01 0.0000000e+00 7.1913153e-01
  7.7113724e-01 4.6865109e-01 5.9470415e-01 8.4403318e-01 7.2154826e-01]]"
